institution,canvas_host,country,curated
American University of Sharjah,canvas.aus.edu,AE,1
Adelaide University,learn.adelaide.edu.au,AU,0
Ascham School,classes.ascham.nsw.edu.au,AU,0
Australian Catholic University,canvas.acu.edu.au,AU,1
Australian Christian College,learning.acc.edu.au,AU,0
Australian Institute of Police Management,myaipm.aipm.edu.au,AU,0
Australian National University,canvas.anu.edu.au,AU,1
Avondale University,learning.avondale.edu.au,AU,0
Bastow Institute of Educational Leadership,lms.educationapps.vic.gov.au,AU,0
Canterbury Institute of Management,elearn.ciom.edu.au,AU,0
Catholic Schools Parramatta Diocese CSPD,canvas.parra.catholic.edu.au,AU,0
Curtin University,learning.curtin.edu.au,AU,1
Edith Cowan University,courses.ecu.edu.au,AU,1
Flinders University,canvas.flinders.edu.au,AU,1
Griffith University,lms.griffith.edu.au,AU,1
JMC Academy,canvas.jmc.edu.au,AU,0
Newington College,canvas.newington.nsw.edu.au,AU,0
Northern Beaches Christian School,canvas.nbcs.nsw.edu.au,AU,0
Queensland University of Technology,canvas.qut.edu.au,AU,1
Sustainability Learning Centre @ Hobart College - Tas,canvas.education.tas.gov.au,AU,0
Swinburne University of Technology,swinburne.instructure.com,AU,1
The King's School,canvas.kings.edu.au,AU,0
The Pittwater House School,canvas.tphs.nsw.edu.au,AU,0
Trades Norwest Anglican Senior College,learn.sasc.nsw.edu.au,AU,0
University of Adelaide,myuni.adelaide.edu.au,AU,1
University of Canberra,uclearn.canberra.edu.au,AU,1
University of Melbourne,canvas.lms.unimelb.edu.au,AU,1
University of Newcastle,canvas.newcastle.edu.au,AU,1
University of Sydney,canvas.sydney.edu.au,AU,1
University of Technology Sydney,canvas.uts.edu.au,AU,1
UNSW College,canvas.unswcollege.edu.au,AU,0
UTS College,canvas.utscollege.edu.au,AU,0
Western Sydney University (Online),canvas.westernsydneyonline.edu.au,AU,0
Y Schools QLD,learning.yschools.qld.edu.au,AU,0
Åland University of Applied Sciences,canvas.ha.ax,AX,0
North South University,northsouth.instructure.com,BD,1
Karel de Grote Hogeschool,canvas.kdg.be,BE,0
VUB - Vrije Universiteit Brussel,canvas.vub.be,BE,0
Universiti Brunei Darussalam,ubd.instructure.com,BN,1
Escola Superior de Propaganda e Marketing,canvas.espm.br,BR,1
Faculdade Ari de Sa,faculdadearidesa.instructure.com,BR,0
Faculdade Católica Paulista,ucaead.instructure.com,BR,0
FACULDADE DE CIÊNCIAS MÉDICAS DA PARAÍBA,afya.instructure.com,BR,0
Faculdade de Medicina de Barbacena,fame.instructure.com,BR,0
Faculdade Internacional de Teologia Reformada,fitref.instructure.com,BR,0
FDV - Faculdade de Direito de Vitória,fdvdigital.instructure.com,BR,0
Pontifícia Universidade Católica de Campinas,puc-campinas.instructure.com,BR,0
Pontifícia Universidade Católica de Minas Gerais,pucminas.instructure.com,BR,1
Pontifícia Universidade Católica do Paraná - PUCPR,pucpr.instructure.com,BR,0
Senac,senac.instructure.com,BR,1
Ulbra - Universidade Luterana do Brasil,ulbra.instructure.com,BR,0
Universidade Fernando Pessoa - University Fernando Pessoa,ufp.instructure.com,BR,0
Universidade Jorge Amado - Unijorge,unijorge.instructure.com,BR,0
Universidade Paulista,unip.instructure.com,BR,1
Universidade Veiga de Almeida,uva.instructure.com,BR,1
Academy of Learning Career College,mynew.aolcc.ca,CA,0
OntarioTech University,learn.ontariotechu.ca,CA,0
Simon Fraser University,canvas.sfu.ca,CA,1
University of Alberta,canvas.ualberta.ca,CA,1
University of British Columbia,canvas.ubc.ca,CA,1
University of Saskatchewan,canvas.usask.ca,CA,1
University of Toronto,q.utoronto.ca,CA,1
Universität St. Gallen (University of St Gallen),learning.unisg.ch,CH,1
Facultad de Economía y Negocios - FEN - Universidad de Chile,canvas.fen.uchile.cl,CL,0
Pontificia Universidad Catolica de Chile,cursos.canvas.uc.cl,CL,1
Universidad Andres Bello,unab.instructure.com,CL,1
Universidad Autonoma de Chile,canvas.uautonoma.cl,CL,1
Universidad de los Andes Chile,uandes.instructure.com,CL,1
Universidad de Santiago de Chile,usach.instructure.com,CL,1
Universidad Santo Tomas - Sede,sedeonline.santotomas.cl,CL,0
UNITEC Colombia,unitec.instructure.com,CO,1
Graduate Campus Hochschule Aalen,graduatecampus.instructure.com,DE,0
Hochschule Aalen - Lernende/Lehrende,aalen.instructure.com,DE,0
Hochschule Fresenius,canvas.crf-education.com,DE,0
Technische Universität Nürnberg (University of Technology Nuremberg),canvas.utn.de,DE,1
Universität Heidelberg (Heidelberg University),heidelberg.instructure.com,DE,1
Copenhagen Business School,cbscanvas.instructure.com,DK,1
Den Danske Filmskole,filmskolen.instructure.com,DK,0
Erhvervsakademi Aarhus,eaaa.instructure.com,DK,0
Københavns Universitet (University of Copenhagen),absalon.instructure.com,DK,1
Nordvestsjællands HF & VUC,nvsvuc.instructure.com,DK,0
Vestegnen HF & VUC,vucv.instructure.com,DK,0
VUC KLAR,vucklar.instructure.com,DK,0
VUC Roskilde,vucroskilde.instructure.com,DK,0
VUC Storstrøm,vucstorstrom.instructure.com,DK,0
Universidad San Francisco de Quito,usfq.instructure.com,EC,1
Campus Por Talento,campusportalentodigital.fundaciononce.es,ES,0
ISDE Law & Business School,online.isde.es,ES,0
Universidad Europea,campus.europaeducationgroup.es,ES,0
Helsingin yliopisto (University of Helsinki),helsinki.instructure.com,FI,1
Humak - Humanistinen Ammattikorkeakoulu,humak.instructure.com,FI,0
INSEAD,learn.insead.edu,FR,1
Abertay University,study.online.abertay.ac.uk,GB,0
Arts University Bournemouth,canvas.aub.ac.uk,GB,0
Bloomsbury Institute - BIL,canvas.bil.ac.uk,GB,0
City University of London,cityuniversity.instructure.com,GB,1
Cranfield University,canvas.cranfield.ac.uk,GB,0
Falmouth University,learn.falmouth.ac.uk,GB,0
Glasgow School of Art,canvas.gsa.ac.uk,GB,0
Henley Business School,online.henley.ac.uk,GB,0
Heriot-Watt University,canvas.hw.ac.uk,GB,1
Imperial College London,canvas.imperial.ac.uk,GB,1
Kingston University,canvas.kingston.ac.uk,GB,0
Queen Margaret University,canvas.qmu.ac.uk,GB,0
Queen Mary University of London,qmul.instructure.com,GB,1
Queen's University Belfast,canvas.qub.ac.uk,GB,0
Ravensbourne University,learn.rave.ac.uk,GB,0
Royal College of Music,learn.rcm.ac.uk,GB,0
"Said Business School, University of Oxford",canvas.sbs.ox.ac.uk,GB,0
St George’s University of London,canvas.sgul.ac.uk,GB,0
Swansea University,canvas.swansea.ac.uk,GB,0
The Engineering & Design Institute London,learn.tedi-london.ac.uk,GB,0
The Institute of Cancer Research,canvas.icr.ac.uk,GB,0
The University of Wolverhampton,canvas.wlv.ac.uk,GB,0
University of Birmingham,canvas.bham.ac.uk,GB,1
University of Edinburgh,edinburgh.instructure.com,GB,1
University of Hull,canvas.hull.ac.uk,GB,0
University of Liverpool,canvas.liverpool.ac.uk,GB,1
University of Manchester,canvas.manchester.ac.uk,GB,1
University of Oxford,canvas.ox.ac.uk,GB,1
University of St Andrews,st-andrews.instructure.com,GB,1
University of Sussex,canvas.sussex.ac.uk,GB,1
University of York,york1.instructure.com,GB,1
Ashesi University,ashesi.instructure.com,GH,1
City University of Hong Kong,canvas.cityu.edu.hk,HK,1
Hong Kong Academy of Medicine - non-eHKAM ID,lms.hkam.org.hk,HK,0
Hong Kong Polytechnic University,canvas.polyu.edu.hk,HK,1
Hong Kong University of Science and Technology,canvas.ust.hk,HK,1
University of Hong Kong,hku.instructure.com,HK,1
Universitas Gadjah Mada,ugm.instructure.com,ID,1
Universitas Pembangunan Jaya,universitaspembangunanjaya.instructure.com,ID,0
University College Cork,ucc.instructure.com,IE,1
Inventure Academy,inventureacademy.instructure.com,IN,1
Krea University,canvas.krea.edu.in,IN,1
Rishihood University,rishihood.instructure.com,IN,1
XLRI Jamshedpur,xlri.instructure.com,IN,1
Háskólinn í Reykjavík (Reykjavik University),reykjavik.instructure.com,IS,1
Listaháskóli Íslands,lhi.instructure.com,IS,0
Menntaskolinn a Egilsstodum,me.instructure.com,IS,0
Menntaskólinn á Akureyri,canvas.ma.is,IS,0
Verkmenntaskólinn á Akureyri,canvas.vma.is,IS,0
Hitotsubashi University,canvas.ics.hit-u.ac.jp,JP,1
Parami University,canvas.parami.edu.mm,MM,0
COLEGIO DE IMAGEN PÚBLICA,clases.imagenpublica.mx,MX,0
Aeres Hogeschool,aeres.instructure.com,NL,0
Arteveldehogeschool,arteveldehogeschool.instructure.com,NL,0
Christelijke Hogeschool Ede,che.instructure.com,NL,0
Erasmus Universiteit Rotterdam (Erasmus University Rotterdam),canvas.eur.nl,NL,1
Erasmushogeschool Brussel,ehb.instructure.com,NL,0
Hogeschool Arnhem en Nijmegen,han.instructure.com,NL,0
Hogeschool KPZ,kpz.instructure.com,NL,0
Hogeschool Utrecht,canvas.hu.nl,NL,0
Maastricht University,canvas.maastrichtuniversity.nl,NL,1
Summa College,canvas.summacollege.nl,NL,0
Technische Universiteit Eindhoven (Eindhoven University of Technology),eindhoven.instructure.com,NL,1
Tilburg University,tilburguniversity.instructure.com,NL,1
Universiteit Twente (University of Twente),canvas.utwente.nl,NL,1
Universiteit van Amsterdam (University of Amsterdam),canvas.uva.nl,NL,1
VU - Vrije Universiteit Amsterdam,canvas.vu.nl,NL,0
Høgskolen i Molde,himolde.instructure.com,NO,0
Høgskolen i Østfold,hiof.instructure.com,NO,0
NMH Norges Musikkhøgskole,nmh.instructure.com,NO,0
Nord universitet (Nord University),nord.instructure.com,NO,1
Norges idrettshøgskole-Extern,nih.instructure.com,NO,0
Norges miljø- og biovitenskapelige universitet,nmbu.instructure.com,NO,0
Norges teknisk-naturvitenskapelige universitet (Norwegian University of Science and Technology),ntnu.instructure.com,NO,1
Norskskolen,norskskolen.instructure.com,NO,0
OsloMet,oslomet.instructure.com,NO,1
UiT Norges arktiske universitet (UiT The Arctic University of Norway),uit.instructure.com,NO,1
Universitetet i Agder (University of Agder),uia.instructure.com,NO,1
Universitetet i Bergen (University of Bergen),uib.instructure.com,NO,1
Universitetet i Oslo (University of Oslo),uio.instructure.com,NO,1
Universitetet i Stavanger (University of Stavanger),stavanger.instructure.com,NO,1
Auckland University of Technology,aut.instructure.com,NZ,1
English Language Academy,learn.auckland.ac.nz,NZ,0
Manukau Institute of Technology,canvas.manukau.ac.nz,NZ,0
University of Auckland,canvas.auckland.ac.nz,NZ,1
Victoria University of Wellington,nuku.wgtn.ac.nz,NZ,1
Pontificia Universidad Catolica del Peru,pucp.instructure.com,PE,1
Universidad Cientifica del Sur,cientificavirtual.cientifica.edu.pe,PE,1
Ateneo de Manila University,ateneo.instructure.com,PH,1
Cebu Doctors University,cdu.instructure.com,PH,1
Central Philippine University,cpu.instructure.com,PH,1
Centro Escolar University,ceu.instructure.com,PH,1
De La Salle University,dlsu.instructure.com,PH,1
Far Eastern University,feu.instructure.com,PH,1
Lyceum of the Philippines Davao,lpudavao.instructure.com,PH,0
Mapua University,mapua.instructure.com,PH,1
National University - Philippines,nationaluniversity.instructure.com,PH,0
Northwestern University Philippines - NWU,nwu.instructure.com,PH,0
Philippine Legal Education Advancement Program - LEAP,thebigleap.instructure.com,PH,0
Technological Institute of the Philippines,tip.instructure.com,PH,1
University of Santo Tomas,ust.instructure.com,PH,1
Instituto Europeu de estudos superiores,canvas.iees.pt,PT,0
Universidad Autonoma del Paraguay,canvas.uap.edu.py,PY,0
Chalmers tekniska högskola (Chalmers University of Technology),canvas.chalmers.se,SE,1
"Forshaga Vuxenutbildning, Forshaga Yrkeshögskola",forshaga.instructure.com,SE,0
Gymnastik-och idrottshögskolan,gih.instructure.com,SE,0
Göteborgs universitet (University of Gothenburg),canvas.gu.se,SE,1
HS - Högskolan i Skövde,his.instructure.com,SE,0
Högskolan Dalarna (Dalarna University),canvas.du.se,SE,1
"Högskolan i Borås, University of Boras",hb.instructure.com,SE,0
"Högskolan i Gävle, University of Gavle",hig.instructure.com,SE,0
Karlstads universitet (Karlstad University),canvas.kau.se,SE,1
Kristinehamns folkhögskola KPS.,kps.instructure.com,SE,0
Kungliga Musikhögskolan,kmh.instructure.com,SE,0
Kungliga Tekniska högskolan (KTH Royal Institute of Technology),canvas.kth.se,SE,1
Luleå University of Technology,canvas.ltu.se,SE,0
Lunds universitet (Lund University),canvas.education.lu.se,SE,1
Mittuniversitetet (Mid Sweden University),canvas.miun.se,SE,1
Skurups folkhögskola,folkhogskola.instructure.com,SE,0
Stockholm School of Economics,sse.instructure.com,SE,1
Stockholms universitet (Stockholm University),canvas.su.se,SE,1
Teologiska Högskolan,ths.instructure.com,SE,0
"Umeå universitet, Umea University",canvas.umu.se,SE,0
Uppsala universitet (Uppsala University),uppsala.instructure.com,SE,1
National Institute of Early Childhood Development - NIEC,lms.niec.edu.sg,SG,0
National University of Singapore,canvas.nus.edu.sg,SG,1
"Nexus International School, Singapore - Staff and Learners",canvas.nexus.edu.sg,SG,0
SG Enable Academy - SGE,lms.sgenable.sg,SG,0
Singapore University of Social Sciences,canvas.suss.edu.sg,SG,0
The Art Faculty,lms.learnforlife.sg,SG,0
Pacific American School,canvas.pas.tw,TW,0
Aberdeen School District #5,asd5.instructure.com,US,0
Abington Public Schools,abington.instructure.com,US,0
Accomack County Public Schools,accomack.instructure.com,US,0
ACG - The American College of Greece,canvas.acg.edu,US,0
Adelanto School District,aesd.instructure.com,US,0
Agora Cyber Charter School,agora.instructure.com,US,0
Aitkin Public Schools,aitkin.instructure.com,US,0
Alabama Community College System,accs.instructure.com,US,0
Alabama Southern Community College,ascc.instructure.com,US,0
Albany County School District #1,acsd1.instructure.com,US,0
Albert Gallatin School District - Parent/Guardian,agasd.instructure.com,US,0
Alcorn School District,alcornschools.instructure.com,US,0
Aledo ISD,aledo.instructure.com,US,0
Alexander County Schools,alexander.instructure.com,US,0
Alexandria City Public Schools,acps.instructure.com,US,0
Alexandria Township School District,atsd.instructure.com,US,0
Alice King Community School - APS charter school,akcs.instructure.com,US,0
Alleghany County Public Schools,alleghanyk12.instructure.com,US,0
Alleghany County Schools NC,alleghany.instructure.com,US,0
Alleghany Highlands Public Schools,ahps.instructure.com,US,0
Allen Community College,allencc.instructure.com,US,0
Allen ISD,allenisd.instructure.com,US,0
Alpine School District Faculty,alpine.instructure.com,US,0
Altus Schools Charter School of San Diego,altus.instructure.com,US,0
ALVORD ISD,alvordisd.instructure.com,US,0
Amarillo ISD,amaisd.instructure.com,US,0
Amelia County Public Schools,ameliaschools.instructure.com,US,0
American Academy of Innovation UT,aaiutah.instructure.com,US,0
American Career College,canvas.americancareercollege.edu,US,0
American University,american.instructure.com,US,1
Amherst County Public Schools,amherst.instructure.com,US,0
Anchorage School District- Teachers/Students,asdk12.instructure.com,US,0
Anderson University in SC,au.instructure.com,US,0
Anguilla Community College,acc.instructure.com,US,0
Anne Arundel Community College,aacc.instructure.com,US,0
Anne Arundel County Public Schools,aacps.instructure.com,US,0
Antelope Valley Union High School District,avhsd.instructure.com,US,0
Antigo Unified School District,antigoschools.instructure.com,US,0
Appleton Area School District- Staff/Students,aasd.instructure.com,US,0
Appomattox County Schools,acpsweb.instructure.com,US,0
Archway Charter School,archway.instructure.com,US,0
Aria University,canvas.aria.edu,US,0
Arizona State University,asu.instructure.com,US,1
Arlington ISD,arlington.instructure.com,US,0
Arlington Public Schools,apsva.instructure.com,US,0
Arlington Public Schools/NE,apseagles.instructure.com,US,0
Arvin Union School District,arvinschools.instructure.com,US,0
Ashe County Schools-Teachers/Students,ashe.instructure.com,US,0
Ashland School District 5,ashland.instructure.com,US,0
Athens City School District,athenscsd.instructure.com,US,0
Atlanta ISD,atlisd.instructure.com,US,0
Aubrey ISD,aubreyisd.instructure.com,US,0
Auburn University,auburn.instructure.com,US,1
Auburn-Washburn Unified School District 437,usd437.instructure.com,US,0
Augusta County Public Schools,augusta.instructure.com,US,0
Austin Independent School District,aisdblend.instructure.com,US,0
Azle ISD,azle.instructure.com,US,0
Azusa Pacific University,canvas.apu.edu,US,0
Baldwin City USD 348,usd348.instructure.com,US,0
Ballston Spa Central School District,bscsd.instructure.com,US,0
Baltimore City Public Schools,bcpss.instructure.com,US,0
Banks County Schools,bankscountyschools.instructure.com,US,0
Barstow Community College,barstow.instructure.com,US,0
Bartlesville Public Schools,bartlesville.instructure.com,US,0
Barton Community College,bartonline.instructure.com,US,0
Bath County Public Schools,bath.instructure.com,US,0
Baton Rouge Community College,mybrcc.instructure.com,US,0
Baxter Springs Public Schools,usd508.instructure.com,US,0
Bayamon Community College - BCCPR,bccpr.instructure.com,US,0
Baylor University,baylor.instructure.com,US,1
Bear Lake School District 33,blsd.instructure.com,US,0
Beaufort County Community College,beaufortccc.instructure.com,US,0
Beaufort County School District - North Carolina,beaufort.instructure.com,US,0
Beaver Dam Unified School District Parent login,beaverdam.instructure.com,US,0
Beaver School District,beaver.instructure.com,US,0
Beaverton School District,bsd.instructure.com,US,0
Beaverton School District PD,bsdpd.instructure.com,US,0
Bedford County Public Schools,bedfordco.instructure.com,US,0
Belcourt School District 7,belcourt.instructure.com,US,0
Belmont Abbey College,canvas.bac.edu,US,0
Belton School District 124,bsd124.instructure.com,US,0
Belvidere Unit Community School District 100,belvidere100.instructure.com,US,0
Benjamin School District 25,bendist25.instructure.com,US,0
Bergen Community College,canvas.bergen.edu,US,0
Berkshire Hills Regional School District Observers,bhrsd.instructure.com,US,0
Berlin Area School District,berlin.instructure.com,US,0
Bermudian Springs School District,bermudian.instructure.com,US,0
Berrien Springs Public School District,berriensprings.instructure.com,US,0
Bibb County School District,bibb.instructure.com,US,0
Big Bend Community College,bigbend.instructure.com,US,0
Big Horn County School District #2,bgh2.instructure.com,US,0
Big Horn County School District #4,bgh4.instructure.com,US,0
Biola University,canvas.biola.edu,US,0
Birdville ISD,birdville.instructure.com,US,0
Bismarck Public Schools,bismarck.instructure.com,US,0
Bixby Public Schools,bixbyps.instructure.com,US,0
Black River Falls School District,brf.instructure.com,US,0
Blackfeet Community College - BFCC,bfcc.instructure.com,US,0
Bland County Public Schools,blandk12.instructure.com,US,0
Bloomington ISD 271,isd271.instructure.com,US,0
Blue Mountain Community College,bluecc.instructure.com,US,0
Blue Ridge Community College,blueridge.instructure.com,US,0
Blue Ridge Unified School District,brusd.instructure.com,US,0
Boise State University,boisestatecanvas.instructure.com,US,1
Bonita USD,bonita.instructure.com,US,0
Bonsall Unified School District,bonsallusd.instructure.com,US,0
Booneville School District,boonevilleschools.instructure.com,US,0
Bossier Parish Community College,mybpcc.instructure.com,US,0
Botetourt County Public Schools,botetourt.instructure.com,US,0
Bowdoin College,bowdoin.instructure.com,US,1
Boyd Independent School District,boydisd.instructure.com,US,0
Bozeman Public Schools,bsd7.instructure.com,US,0
Bradford Area School District,bradfordasd.instructure.com,US,0
Bradley University,learn.bradley.edu,US,0
Bremen Public Schools,bremenpublicschools.instructure.com,US,0
Brentwood Borough School District - Studennts/Teachers,bbsd.instructure.com,US,0
Brentwood School District,brentwoodmoschools.instructure.com,US,0
Brentwood USD Teachers/Students,brentwood.instructure.com,US,0
Bridge Charter School,bridgecharter.instructure.com,US,0
Bridgeport ISD,bridgeportisd.instructure.com,US,0
Bridgman Public Schools Teachers/Students,bridgmanschools.instructure.com,US,0
Brigham Young University,byu.instructure.com,US,1
Bristol Community College,bristolcc.instructure.com,US,0
Bristol Virginia Public Schools,bvps.instructure.com,US,0
Broken Arrow Public Schools- Teachers/Students: Google,baps.instructure.com,US,0
Brookdale Community College,brookdalecc.instructure.com,US,0
Brookline Public Schools Parent,brookline.instructure.com,US,0
Broward County Public Schools Student/Teachers,browardschools.instructure.com,US,0
Brown County Schools,brownco.instructure.com,US,0
Brown University,canvas.brown.edu,US,1
Brownsville Area School District,basd.instructure.com,US,0
Brunswick County Public Schools,brunswickcps.instructure.com,US,0
Buchanan County Public Schools,bcpsk12.instructure.com,US,0
Buckingham County Public Schools,bcpschools.instructure.com,US,0
Bucks County Community College,bucks.instructure.com,US,0
Buena Park School District,bpsdlms.instructure.com,US,0
Buena Vista City Public Schools,bvcps.instructure.com,US,0
Buncombe County Schools - Teacher/Student Access,bcs.instructure.com,US,0
Bunker Hill Community College,bhcc.instructure.com,US,0
Burke County Public Schools,burkeps.instructure.com,US,0
Burleson ISD,burleson.instructure.com,US,0
Butler Community College,online.butlercc.edu,US,0
Butte College,canvas.butte.edu,US,0
Buttonwillow Union School District,kern.instructure.com,US,0
Cabarrus County Schools,cabarrus.instructure.com,US,0
Cache County School District,ccsdut.instructure.com,US,0
Calcasieu Parish Public Schools,cpsb.instructure.com,US,0
Caldwell County Schools,caldwell.instructure.com,US,0
California State University Fullerton,csufullerton.instructure.com,US,1
California State University Northridge,canvas.csun.edu,US,0
Camden County Schools,ccsnc.instructure.com,US,0
Camdenton School District F3,camdentonschools.instructure.com,US,0
Campbell County High School TN,campbellcounty.instructure.com,US,0
Campbell County Public Schools,ccps.instructure.com,US,0
Campbell Union High School District,cuhsd.instructure.com,US,0
Canyons School District,canyons.instructure.com,US,0
Canyons School District PD,csdpd.instructure.com,US,0
Cape Fear Community College,cfcc.instructure.com,US,0
Capital Area School for the Arts Charter School,casa-arts.instructure.com,US,0
Capital City Public Charter School,ccpcs.instructure.com,US,0
Carbon County School District #1,crb1.instructure.com,US,0
Carbon School District,carbon.instructure.com,US,0
Carmel Clay School District,carmel.instructure.com,US,0
Carnegie Mellon University,canvas.cmu.edu,US,1
Caroline County Public Schools,caroline.instructure.com,US,0
Carroll Community College,carollcc.instructure.com,US,0
Carroll County Public Schools,ccpsd.instructure.com,US,0
Carroll ISD,southlakecarroll.instructure.com,US,0
Carteret County Public Schools,carteret.instructure.com,US,0
Carthage Central School District,carthagecsd.instructure.com,US,0
Cascade School District,cascadesd.instructure.com,US,0
Cascadia Community College,cascadia.instructure.com,US,0
Case Western Reserve University,case.instructure.com,US,1
Cassville R-IV School District,cassville.instructure.com,US,0
Castleberry ISD,castleberry.instructure.com,US,0
Caswell County Schools NC,caswell.instructure.com,US,0
Catawba County Schools,catawbaschools.instructure.com,US,0
Catawba Valley Community College,cvcc.instructure.com,US,0
Cedar Bluffs Public Schools,cedarbluffsschools.instructure.com,US,0
Cedar Springs Public Schools,csredhawks.instructure.com,US,0
Cedarburg School District,cedarburg.instructure.com,US,0
Centennial School District,centennialsd.instructure.com,US,0
Centinela Valley Union High School District -Teachers/Students,centinela.instructure.com,US,0
Central Bucks School District,cbsd.instructure.com,US,0
Central Community College,cccneb.instructure.com,US,0
Central Community School District,centralcsd.instructure.com,US,0
Central Dauphin School District,cdschools.instructure.com,US,0
Central Fulton School District,cfsd.instructure.com,US,0
Central Lee Community School District,central-lee.instructure.com,US,0
Central Lyon Comm School District,centrallyon.instructure.com,US,0
Central Okanagan Public Schools,sd23.instructure.com,US,0
Central Valley Public Schools,cvps.instructure.com,US,0
Centralia School District,centraliak12.instructure.com,US,0
Cerro Coso Community College,kccd.instructure.com,US,0
Chaffey College,canvas.chaffey.edu,US,0
Chapman University,canvas.chapman.edu,US,0
Chappaqua Central School District,chappaqua.instructure.com,US,0
Chariho Regional School District,chariho.instructure.com,US,0
Charles City County Public Schools,ccpsva.instructure.com,US,0
Charles County Public Schools,charlescounty.instructure.com,US,0
Charlotte County Public Schools,ccpsk12.instructure.com,US,0
Chatham County Schools,chatham.instructure.com,US,0
Chelsea School District,chelseasd.instructure.com,US,0
Chemeketa Community College,elearn.chemeketa.edu,US,0
Cheney Public Schools,cheneysd.instructure.com,US,0
Cherokee County Schools,myccsd.instructure.com,US,0
Chesterfield County Public Schools,mychesterfieldschools.instructure.com,US,0
Christian County Public Schools,christian.instructure.com,US,0
Cincinnati Public Schools,cps-k12.instructure.com,US,0
Citrus County Schools,citrus.instructure.com,US,0
Clairton City School District,clairton.instructure.com,US,0
Clark Atlanta University,mycanvas.cau.edu,US,0
Clark County School District,ccsd.instructure.com,US,0
Clark University,canvas.clarku.edu,US,0
Clarke County Public Schools,clarke.instructure.com,US,0
Clatsop Community College,clatsopcc.instructure.com,US,0
Clayton County Public Schools,clayton.instructure.com,US,0
Cleburne ISD,cleburneisd.instructure.com,US,0
Clemson University,clemson.instructure.com,US,1
Cleveland City School District,clevelandschools.instructure.com,US,0
Cleveland Community College,clevelandcc.instructure.com,US,0
Cleveland County Schools NC,clevelandcs.instructure.com,US,0
Cleveland ISD,clevelandisd.instructure.com,US,0
Clever School District,cleverbluejays.instructure.com,US,0
Clinton Public School District,cpsd.instructure.com,US,0
Cloud County Community College,cloudcountycc.instructure.com,US,0
Clover School District,clover.instructure.com,US,0
Clovis Community College,cloviscc.instructure.com,US,0
Coastal Carolina Community College,coastalcarolina.instructure.com,US,0
Coastline Community College,coastdistrict.instructure.com,US,0
Coatesville Area School District,casdschools.instructure.com,US,0
Cocke County Schools,cockecountyschools.instructure.com,US,0
Coconino Community College,coconino.instructure.com,US,0
Colby Community College,colbycc.instructure.com,US,0
Cold Spring Harbor School District,cshk12.instructure.com,US,0
College of St. Benedict,canvas.csbsju.edu,US,0
Colonial Beach Public Schools,cbschools.instructure.com,US,0
Colorado College,canvas.coloradocollege.edu,US,0
Colorado School of Mines,elearning.mines.edu,US,1
Colorado State University,colostate.instructure.com,US,1
Columbia College Chicago,canvas.colum.edu,US,0
Columbia School District,columbiaschools.instructure.com,US,0
Columbia University,courseworks2.columbia.edu,US,1
Community College of Philadelphia,ccp.instructure.com,US,0
Community College of Vermont,vsc.instructure.com,US,0
Community College System of New Hampshire,canvas-prod.ccsnh.edu,US,0
Community High School District 117,d117.instructure.com,US,0
Community High School District 155,d155.instructure.com,US,0
Compton Unified School District,comptonusd.instructure.com,US,0
Conroe ISD,conroeisd.instructure.com,US,0
Consolidated High School District 230,d230.instructure.com,US,0
Contra Costa Community College,4cd.instructure.com,US,0
Converse County School District #1,ccsd1.instructure.com,US,0
Converse County School District #2,converse2.instructure.com,US,0
Copiah-Lincoln Community College,colin.instructure.com,US,0
Copper Mountain Community College,cmccd.instructure.com,US,0
Corinth School District,corinth.instructure.com,US,0
Cornell University,canvas.cornell.edu,US,1
Coronado Unified School District,coronado.instructure.com,US,0
Corpus Christi ISD,corpuschristiisd.instructure.com,US,0
Corsicana Isd,cisd.instructure.com,US,0
Council Rock School District,councilrock.instructure.com,US,0
Covina Valley USD,c-vusd.instructure.com,US,0
Covington Independent School District,covingtonisd.instructure.com,US,0
Crane Elementary School District,craneschools.instructure.com,US,0
Craven County Schools NC,craven.instructure.com,US,0
Creighton Public Schools,creightonschools.instructure.com,US,0
Cumberland County Schools,cumberlandcanvas.instructure.com,US,0
Daggett School District,dg.instructure.com,US,0
Dallas County School District R1,bisonpride.instructure.com,US,0
Dallas School District,dallas.instructure.com,US,0
Dallas Theological Seminary,online.dts.edu,US,0
Dalton Public Schools,dps.instructure.com,US,0
Danville Area Community College,danvilleareacc.instructure.com,US,0
Danville Public Schools,danvillepublicschools.instructure.com,US,0
Dare County Schools,dare.instructure.com,US,0
Dartmouth College,dartmouth.instructure.com,US,1
Davidson County Schools,davidson.instructure.com,US,0
Davidson-Davie Community College,davidsondavie.instructure.com,US,0
Davie County Schools,davie.instructure.com,US,0
Davis Joint Unified School District,djusd.instructure.com,US,0
Davis School District,dsd.instructure.com,US,0
Dawson Community College,dawson.instructure.com,US,0
DC Public Schools,dcps.instructure.com,US,0
De Soto School District,usd232.instructure.com,US,0
Decatur City Schools AL,decatur.instructure.com,US,0
Decatur ISD,decaturisd.instructure.com,US,0
Decorah Community School District Teachers Students,decorah.instructure.com,US,0
Deer Park ISD,dpisd.instructure.com,US,0
Deer Valley Unified School District,dvusd.instructure.com,US,0
Deerfield Community School District,deerfieldk12.instructure.com,US,0
Defiance College,canvas.defiance.edu,US,0
DeKalb County School District- PARENT,dekalb.instructure.com,US,0
Del Norte County Unified School District,dncoe.instructure.com,US,0
Delaware City School District,delawarecityschools.instructure.com,US,0
Delaware County Community College,dccc.instructure.com,US,0
Delgado Community College,dcc.instructure.com,US,0
Denton ISD - Adult Ed Program,dentonisd.instructure.com,US,0
Derby Public Schools,derbyschools.instructure.com,US,0
Derry Township SD,hersheyk12.instructure.com,US,0
Des Moines Area Community College,dmacc.instructure.com,US,0
Des Moines Independent CSD- parent,dmschools.instructure.com,US,0
Dickenson County Public Schools,dcpsva.instructure.com,US,0
Dixon Public Schools,dpsk12.instructure.com,US,0
Doctors Charter School,dcs.instructure.com,US,0
"Douglas County School District, No. Re1",dcsdk12.instructure.com,US,0
Drexel University,drexel.instructure.com,US,1
Dripping Springs Isd,dsisd.instructure.com,US,0
DSST Public Schools,dsst.instructure.com,US,0
Dublin USD- Teachers/Students,dublinusd.instructure.com,US,0
Duchesne School District,duchesne.instructure.com,US,0
Duke University,canvas.duke.edu,US,1
Dulce Independent School District,dulceschools.instructure.com,US,0
Duluth ISD 709 - Non-District Student,isd709.instructure.com,US,0
Dundy County Stratton Public Schools,dcstigers.instructure.com,US,0
Duplin County Schools,duplin.instructure.com,US,0
Duquesne City School District,dukesk12.instructure.com,US,0
Durham Public Schools,dpsnc.instructure.com,US,0
Durham Technical Community College,durhamtech.instructure.com,US,0
Duval County Public Schools,duvalschools.instructure.com,US,0
E.L. Haynes Public Charter School,elhaynes.instructure.com,US,0
Eagle Point School District 9,eaglepnt.instructure.com,US,0
Eanes Independent School District,eanes.instructure.com,US,0
East Allen County Schools,eacs.instructure.com,US,0
East Central Community College,eccc.instructure.com,US,0
Eastern Gateway Community College,egcc.instructure.com,US,0
Eastern Howard School District,ehsc.instructure.com,US,0
Eastern Lancaster County School District,class.instructure.com,US,0
Eastern Washington University,canvas.ewu.edu,US,0
Eau Claire Area School District - Parent/Guardian/Family,ecasd.instructure.com,US,0
EBS Universität für Wirtschaft und Recht,my.ebs.edu,US,0
Edison School District,edison-k12-ca-us.instructure.com,US,0
Edmond Public Schools,edmondschools.instructure.com,US,0
El Monte Union High School District,emuhsd.instructure.com,US,0
Elizabeth Forward School District,efsd.instructure.com,US,0
Elk Hills School District,elkhills.instructure.com,US,0
Elko County School District,ecsdnv.instructure.com,US,0
Emery School District,emeryschools.instructure.com,US,0
Emory University,emory.instructure.com,US,1
Emporia State University,canvas.emporia.edu,US,0
Endicott College,canvas.endicott.edu,US,0
English Valleys Comm School District,ev.instructure.com,US,0
Ennis ISD,ennis.instructure.com,US,0
"Episcopal High School - Houston, TX",ehs.instructure.com,US,0
Escambia County Public Schools,escambia.instructure.com,US,0
Estacada School District,esd108.instructure.com,US,0
Estrella Mountain Community College,maricopa.instructure.com,US,0
Eugenio Maria De Hostos Charter School,emhcs.instructure.com,US,0
Evangel University,courses.evangel.edu,US,0
Everett Community College,everettcc.instructure.com,US,0
Everett School District 2,everettsd.instructure.com,US,0
Evergreen Public Schools - Families & Guardians,evergreenps.instructure.com,US,0
Evergreen State College,canvas.evergreen.edu,US,0
Excelsior Community College,ecc.instructure.com,US,0
Excelsior Springs School District,excelsiorsprings.instructure.com,US,0
Fairfax Elementary School District,fairfaxk12.instructure.com,US,0
Fairfield - Suisun Unified School District,fsusd.instructure.com,US,0
Fargo Public Schools,fargo.instructure.com,US,0
Farmington Public Schools - Families / Observers,fpsk12.instructure.com,US,0
Fayette Co School District,fcsk12.instructure.com,US,0
Fayetteville Technical Community College,faytechcc.instructure.com,US,0
Federal Way Public Schools with Internet Academy,fwps.instructure.com,US,0
Ferguson-Florissant School District R2,fergflor.instructure.com,US,0
Ferndale Public Schools,ferndaleps.instructure.com,US,0
Flagstaff Unified School District,fusd1.instructure.com,US,0
Flathead Valley Community College,fvcc.instructure.com,US,0
Fletcher Technical Community College,fletcher.instructure.com,US,0
Florida International University,fiu.instructure.com,US,1
Florida State University,canvas.fsu.edu,US,1
Floyd County Public Schools,floydschools.instructure.com,US,0
Folsom Cordova Unified School District,fcusd.instructure.com,US,0
Fond du Lac School District,fdlsd.instructure.com,US,0
Fordland R-3 School District,fordlandr3.instructure.com,US,0
Forest Grove School District 15,fgsdk12.instructure.com,US,0
"Forest Hills Public Schools - Admins, Staff and Families",fhps.instructure.com,US,0
Forrest Bird Charter School,fbcs.instructure.com,US,0
Fort Madison Community School District,fmcsd.instructure.com,US,0
Fort Peck Community College,fpcc.instructure.com,US,0
Fort Scott Community College,fortscottcc.instructure.com,US,0
Foster-Glocester Regional SD,fgschools.instructure.com,US,0
Fountain Hills Unified SD,fhusd.instructure.com,US,0
Framingham Public Schools,framinghamk12.instructure.com,US,0
"Franklin Academy - Bellingham, WA",thefranklinacademy.instructure.com,US,0
Franklin City Public Schools,fcpsva.instructure.com,US,0
Franklin County Public Schools,frco.instructure.com,US,0
Franklin County Schools NC,fcschools.instructure.com,US,0
Franklin Public Schools,fpsflyers.instructure.com,US,0
Frederick County Public Schools,fredvak12.instructure.com,US,0
Fredericksburg City Public Schools,fburg.instructure.com,US,0
Freeland Community School District,freelandschools.instructure.com,US,0
Freeman Public Schools,freemanpublicschools.instructure.com,US,0
Fremont County School District,shoshonischools.instructure.com,US,0
Fremont County School District # 1,landerschools.instructure.com,US,0
Fremont County School District #25,fremont25.instructure.com,US,0
Fremont County School District #38,arapahoeschools38.instructure.com,US,0
Fremont County School District #6,fre6.instructure.com,US,0
Fremont County School District 2,fremont2.instructure.com,US,0
Friendswood ISD,myfisd.instructure.com,US,0
Frisco ISD,fisd.instructure.com,US,0
Fruitvale Elementary School District,fruitvale.instructure.com,US,0
Ft. Zumwalt School District,fz.instructure.com,US,0
Fulton County Schools Staff/Student,fultonschools.instructure.com,US,0
Galax City Public Schools,galaxschools.instructure.com,US,0
Galen College of Nursing,classroom.galencollege.edu,US,0
Galena Unified Schools 499,galena499.instructure.com,US,0
Galion City School District - Student/Teacher access,galion.instructure.com,US,0
Galveston ISD,galvestonisd.instructure.com,US,0
Garden City Community College,gardencitycc.instructure.com,US,0
Garden County Schools,gardencounty.instructure.com,US,0
Garland ISD,garlandisd.instructure.com,US,0
Gaston County Schools,gastoncs.instructure.com,US,0
Gates County Schools,gates.instructure.com,US,0
Genesee Isd,gisd.instructure.com,US,0
George Mason University,canvas.gmu.edu,US,0
George Washington University,canvas.gwu.edu,US,1
Georgetown University,georgetown.instructure.com,US,1
Gettysburg Area School District,gettysburg.instructure.com,US,0
Gilchrist County School District,gilchristschools.instructure.com,US,0
Giles County Schools,gilesk12.instructure.com,US,0
Girard Public Schools,girard248.instructure.com,US,0
Glen Oaks Community College,gocc.instructure.com,US,0
Glen Rose ISD,grisd.instructure.com,US,0
Glendale Community College,gcc.instructure.com,US,0
Glendale Elementary School District 40,gesd40.instructure.com,US,0
Gloucester County Public Schools,gcps.instructure.com,US,0
Godley ISD,godleyisd.instructure.com,US,0
Golden Eagle Charter School,gecs.instructure.com,US,0
Gonzaga University,canvas.gonzaga.edu,US,0
Goshen Community School District,goshenschools.instructure.com,US,0
Grafton School District,grafton.instructure.com,US,0
Granbury ISD,granbury.instructure.com,US,0
Grand County School District,gcsd.instructure.com,US,0
Grand Prairie ISD,gpisd.instructure.com,US,0
Grand Rapids Community College,grcc.instructure.com,US,0
Grandview ISD,gvisd.instructure.com,US,0
Grandview School District,grandview.instructure.com,US,0
Granite Falls School District,gfalls.instructure.com,US,0
Granite Mountain Charter School,granitemountaincharterschool.instructure.com,US,0
Granite School District,graniteschools.instructure.com,US,0
Grants Pass School District #7,grantspass.instructure.com,US,0
Granville County Schools NC,granvilleco.instructure.com,US,0
Grapevine-Colleyville ISD,gcisdlearns.instructure.com,US,0
Grayson County Public Schools,graysonk12.instructure.com,US,0
Great Valley School District,gvsd.instructure.com,US,0
Greater Albany Public School District- Teachers/Students,greateralbany.instructure.com,US,0
Green Bay Area Public School District,gbaps.instructure.com,US,0
Green River Community College,egator.greenriver.edu,US,0
Greene County Schools NC,gcsdigital.instructure.com,US,0
Greensville County Public Schools,gcps1.instructure.com,US,0
Greenville Public School District,gpsdk12.instructure.com,US,0
Greenwood Community School District,gws.instructure.com,US,0
Grenada School District,grenadak12.instructure.com,US,0
Gresham-Barlow School District,gresham.instructure.com,US,0
Griffin-Spalding County Schools,gscs.instructure.com,US,0
Guilford County Schools,gcs.instructure.com,US,0
Guilford Technical Community College,gtcc.instructure.com,US,0
Guthrie Center Community School District,acgcschools.instructure.com,US,0
Halifax Area School District,hasdk12.instructure.com,US,0
Halifax Community College,halifaxcc.instructure.com,US,0
Halifax County Public Schools,halifaxk12.instructure.com,US,0
Hall County Schools,hallco.instructure.com,US,0
Hampden Charter School,hcss.instructure.com,US,0
Hancock Place School District,hpsd.instructure.com,US,0
Hanover County Public Schools,hcps.instructure.com,US,0
Harding Charter Preparatory School District,hardingcharterprep.instructure.com,US,0
Harford County Public Schools,harford.instructure.com,US,0
Harlandale Ind School District,stemechs.instructure.com,US,0
Harlingen CISD,hcisd.instructure.com,US,0
Harrisburg School District,harrisburgsd.instructure.com,US,0
Harrison SD,harrisonk12.instructure.com,US,0
Harvard Medical School Pre-Med Online Certificate Program,app.pm.hms.harvard.edu,US,0
Harvard University,canvas.harvard.edu,US,1
Hattiesburg Public School District,hpsdms.instructure.com,US,0
Haverford School District,haverford.instructure.com,US,0
Hawkeye Community College,canvas.hawkeyecollege.edu,US,0
Hawkins County Schools,hck12.instructure.com,US,0
Hays Unified School District,usd489.instructure.com,US,0
Heartland Charter School,heartlandcharterschool.instructure.com,US,0
Heartland Community College,canvas.heartland.edu,US,0
Henderson ISD,hendersonisd.instructure.com,US,0
Henrico County School District,henrico.instructure.com,US,0
Henry County Public Schools,henry.instructure.com,US,0
Hernando Co School District,hcsb.instructure.com,US,0
Hertford County Schools,hertford.instructure.com,US,0
Hickory Public Schools,hps.instructure.com,US,0
Highland Community College,highlandcc.instructure.com,US,0
Highland County Public Schools,highlandk12.instructure.com,US,0
Highland Park ISD Teachers/Students,hpisd.instructure.com,US,0
Highline College,canvas.highline.edu,US,0
Highline Public Schools,hsd.instructure.com,US,0
Highmark Charter School,hmcharterschool.instructure.com,US,0
Higley Unified School District,husd.instructure.com,US,0
Hillsborough Community College,hcc.instructure.com,US,0
Hillsborough County Public Schools,sdhc.instructure.com,US,0
Hilmar Unified School District,hilmar.instructure.com,US,0
Hinds Community College,hindscc.instructure.com,US,0
Hinton School District 161,hintonschools.instructure.com,US,0
Hofstra University,canvas.hofstra.edu,US,0
Hoke County Schools NC,hoke.instructure.com,US,0
Holland Public Schools-Students & Teachers,hps21.instructure.com,US,0
Holmen School District,holmen.instructure.com,US,0
Holyoke Community College,canvas.hcc.edu,US,0
Hopewell City Public Schools,hopewell.instructure.com,US,0
Hopkins Public Schools,royals.instructure.com,US,0
Hoquiam School District,hoquiam.instructure.com,US,0
Hortonville Area School District,hortonville.instructure.com,US,0
Houghton Lake Community School District,hlcsk.instructure.com,US,0
Houston Christian University,canvas.hc.edu,US,0
Houston Community College,eagleonline.hccs.edu,US,0
Houston County School District,houstonga.instructure.com,US,0
Houston ISD,canvas.houstonisd.org,US,0
Houston ISD- observers,houstonisd.instructure.com,US,0
Howard Community College,howardcc.instructure.com,US,0
Howard University,howard.instructure.com,US,1
Howe ISD,howeisd.instructure.com,US,0
Hudson County Community College,hccc.instructure.com,US,0
Hudson ISD,hudsonisd.instructure.com,US,0
Humboldt County School District,wjhs.instructure.com,US,0
Huntington Beach Union High School District,hbuhsd.instructure.com,US,0
Hutchinson Community College,hutchcc.instructure.com,US,0
Hutto ISD,huttoisd.instructure.com,US,0
Hyde County Schools,hyde.instructure.com,US,0
Illinois Institute of Technology,iit.instructure.com,US,1
Illinois State University,canvas.illinoisstate.edu,US,0
Independence Community College,indycc.instructure.com,US,0
Independence CSD,indeek12.instructure.com,US,0
Indian Prairie School District,ipsd204.instructure.com,US,0
Ingham ISD,inghamisd.instructure.com,US,0
Instituto de Empresa,impactonline.ie.edu,US,0
Iowa Central Community College,iowacentral.instructure.com,US,0
Iowa State University,canvas.iastate.edu,US,0
Iowa Valley Community College District,iavalley.instructure.com,US,0
Irvine USD Students and Teachers,iusd.instructure.com,US,0
Irvine Valley College,canvas.ivc.edu,US,0
Irving ISD,irvingisd.instructure.com,US,0
Isle of Wight County Schools,iwcs.instructure.com,US,0
Issaquah School District,issaquah.instructure.com,US,0
Ithaca City School District Clever,icsdk12.instructure.com,US,0
Ivy Tech Community College,ivylearn.ivytech.edu,US,0
Jack Welch Management Institute,canvas.strayer.edu,US,0
Jackson County Public Schools,jcps.instructure.com,US,0
Jackson County Public Schools FL,jcsb.instructure.com,US,0
Jackson Public Schools,jacksonps.instructure.com,US,0
James Madison University,canvas.jmu.edu,US,0
Jasper County School District,jaspersd.instructure.com,US,0
Jefferson County R7 School District,jeffersonr7.instructure.com,US,0
Jefferson County School District,jcpsd.instructure.com,US,0
Jenks Public Schools,jenks.instructure.com,US,0
Jenson School District,njenson.instructure.com,US,0
Jericho School District,jerichoschools.instructure.com,US,0
John Carroll University,canvas.jcu.edu,US,0
John Hancock Charter School,johnhancockcs.instructure.com,US,0
John Wood Community College,jwcc.instructure.com,US,0
Johns Hopkins University,jhu.instructure.com,US,1
Johnson County School District,johnsoncounty.instructure.com,US,0
Johnson County School District #1,jcsd1.instructure.com,US,0
Johnston Community College,johnstoncc.instructure.com,US,0
Johnston County Schools,johnston.instructure.com,US,0
Jones County Schools,jones.instructure.com,US,0
Jordan School District,jsd.instructure.com,US,0
Joshua ISD,joshuaisd.instructure.com,US,0
Juab School District,juab.instructure.com,US,0
Judson ISD,judsonisd.instructure.com,US,0
Juniata Valley School District,jvsd.instructure.com,US,0
Kalama School District,kalamasd.instructure.com,US,0
Kalamazoo Valley Community College,kalamazoo.instructure.com,US,0
Kane School District,ksd.instructure.com,US,0
Kankakee Community College,kcc.instructure.com,US,0
Kansas City University,canvas.kansascity.edu,US,0
"Kansas City, Kansas Public Schools",kckps.instructure.com,US,0
Kapolei Charter School,kcshawaii.instructure.com,US,0
Katy ISD,katyisd.instructure.com,US,0
Kayenta Unified School District #27,kayentak12.instructure.com,US,0
Keller ISD,kellerisd.instructure.com,US,0
Kenai Peninsula Borough SD,kpbsd.instructure.com,US,0
Kenilworth School District 38,kenilworth38.instructure.com,US,0
Kenmore-Tonawanda UFSD,ktufsd.instructure.com,US,0
Kenowa Hills Public Schools,khps.instructure.com,US,0
Keota CSD,keota.instructure.com,US,0
Kern High School District- Teachers/Students,kernhigh.instructure.com,US,0
Kershaw County School District,kcsdlms.instructure.com,US,0
Ketchikan Gateway Borough SD,kgbsd.instructure.com,US,0
Kettle Moraine School District,kmsd.instructure.com,US,0
Kids Community College,kidscc.instructure.com,US,0
Kimball Public Schools,kimball.instructure.com,US,0
King and Queen County Public Schools,kqps.instructure.com,US,0
King George County Schools,kgcs.instructure.com,US,0
King William County Public Schools,kwcps.instructure.com,US,0
Kirtland Community College,kirtland.instructure.com,US,0
Klamath Community College,klamathcc.instructure.com,US,0
Knox County Schools,knoxschools.instructure.com,US,0
Krum ISD,krumisd.instructure.com,US,0
Kutztown Area School District,kutztown.instructure.com,US,0
La Crosse School District,lacrosseschools.instructure.com,US,0
La Grange School District 102,sd102.instructure.com,US,0
La Porte Community School District,lpcsc.instructure.com,US,0
La Vernia ISD,lavernia.instructure.com,US,0
Labette Community College,labettecc.instructure.com,US,0
Lac Courte Oreilles Ojibwa Community College,lcoocc.instructure.com,US,0
Lackland ISD - Elementary,lacklandisd.instructure.com,US,0
Lafayette County School District,lafayette.instructure.com,US,0
Lago Vista ISD,lvisd.instructure.com,US,0
Laguna Beach Unified School District,lbusd.instructure.com,US,0
Lake Central School District,lakecentral.instructure.com,US,0
Lake Tahoe Community College,laketahoecc.instructure.com,US,0
Lake Worth ISD,lwisd.instructure.com,US,0
Lakeside Joint Elementary School District,lakesidelosgatos.instructure.com,US,0
Lakeside Union School District,lakesideusd.instructure.com,US,0
Lakota Local School District,lakota.instructure.com,US,0
Lamar CISD,lcisd.instructure.com,US,0
Lammserville USD- Teachers/Students,lammersville.instructure.com,US,0
Lampasas ISD,lisd.instructure.com,US,0
Lancaster Bible College,canvas.lbc.edu,US,0
Lancaster County Public Schools Students and Teachers,lcs.instructure.com,US,0
Lancaster ISD,lancasterisd.instructure.com,US,0
Lane Community College,canvas.lanecc.edu,US,0
Laramie County Community College,lccc-wy.instructure.com,US,0
Laramie County School District #1,laramie1.instructure.com,US,0
Laredo Community College,laredo.instructure.com,US,0
Las Lomitas Elementary School District,llesd.instructure.com,US,0
Lasell University,courses.lasell.edu,US,0
Lassen Community College,lassencollege.instructure.com,US,0
Lauderdale County School District,lauderdale.instructure.com,US,0
Laurel Concord Public Schools,lccschool.instructure.com,US,0
Lawton - Bronson Comm School District,lb-eagles.instructure.com,US,0
Lead Public Schools,leadpublicschools.instructure.com,US,0
Lee County Schools,leek12.instructure.com,US,0
Lee Public Schools,leepublicschools.instructure.com,US,0
Leechburg Area School District,leechburgk-12.instructure.com,US,0
Lehigh Carbon Community College,lccc.instructure.com,US,0
Lehighton Area School District,lehighton.instructure.com,US,0
Lenoir - Rhyne University,canvas.lr.edu,US,0
Lenoir County Schools,lenoir.instructure.com,US,0
Letourneau University,courses.letu.edu,US,0
Levy County School District,levy.instructure.com,US,0
Lewisburg Area School District,dragonk12.instructure.com,US,0
Lewisville ISD,lisdtx.instructure.com,US,0
Lexington City Schools NC,lexcs.instructure.com,US,0
Liberty School District 53,lps53.instructure.com,US,0
Liberty University,libertyu.instructure.com,US,1
Lincoln County School District #1,rangers.instructure.com,US,0
Lincoln County School District #2,lcsd2.instructure.com,US,0
Lincoln County Schools,lincolnnc.instructure.com,US,0
Lincoln Land Community College,llcc.instructure.com,US,0
Lindale ISD,lindaleisd.instructure.com,US,0
Lingleville Isd,lingleville.instructure.com,US,0
Linn-Benton Community College,linnbenton.instructure.com,US,0
Little Elm ISD,leisd.instructure.com,US,0
Logan City School District,loganschools.instructure.com,US,0
Logan View Public Schools,loganview.instructure.com,US,0
London Business School,learning.london.edu,US,0
Longview ISD,longviewisd.instructure.com,US,0
Lorain County Community College,lorainccc.instructure.com,US,0
Lorain County Community College - noncredit,lcccnoncredit.instructure.com,US,0
Los Angeles Trade Technical College,ilearn.laccd.edu,US,0
Lost Hills Union School District,losthills.instructure.com,US,0
Louisa County Public Schools,lcpsva.instructure.com,US,0
Louisiana Delta Community College,ladelta.instructure.com,US,0
Louisiana Tech University,canvas.latech.edu,US,0
Loup City Public Schools,lcpublic.instructure.com,US,0
Lower Dauphin SD,ldsd.instructure.com,US,0
Lower Moreland Township School District,lmtsd.instructure.com,US,0
Lucia Mar Unified School District,luciamarunified.instructure.com,US,0
Ludington Area School District - Login with Google,lasd.instructure.com,US,0
Lunenburg County Schools Student/Teachers,lunenburgcountyschools.instructure.com,US,0
Luzerne County Community College,luzerne.instructure.com,US,0
Lynden School District,lynden.instructure.com,US,0
Macomb Community College,macomb.instructure.com,US,0
Madison County Charter School System,madisonga.instructure.com,US,0
Madison County School District - North Carolina,madisonk12.instructure.com,US,0
Madison County Schools,mcs.instructure.com,US,0
Madison Nebraska Public Schools,madison.instructure.com,US,0
Madison School District- Parent,madisonschools.instructure.com,US,0
Magnolia ISD- Observers,magnoliaisd.instructure.com,US,0
Mana Academy Charter School - Utah,themanaacademy.instructure.com,US,0
Manasquan School District,manasquan.instructure.com,US,0
Manhattan - Ogden USD 383,usd383.instructure.com,US,0
Manitou Springs School District,mssd14.instructure.com,US,0
Mankato Public School District,isd77.instructure.com,US,0
Mansfield ISD,mansfieldisd.instructure.com,US,0
Maple Elementary School District,maple.instructure.com,US,0
Mapleton Public Schools,mapleton.instructure.com,US,0
Maquoketa Community School District,maquoketaschools.instructure.com,US,0
Marana Unified School District,maranausd.instructure.com,US,0
Maricopa Unified School District,maricopaschools.instructure.com,US,0
Marinette School District,marinette.instructure.com,US,0
Marion County Schools,marionschools.instructure.com,US,0
Mariposa County Unified School District,mcusd.instructure.com,US,0
Marshall County School District,mcschools.instructure.com,US,0
Marshfield Public Schools,mpsd.instructure.com,US,0
Martinsville City Public Schools,martinsvillecityschools.instructure.com,US,0
Marysville Unified School District,usd364.instructure.com,US,0
Massachusetts Institute of Technology,canvas.mit.edu,US,1
Massasoit Community College,massasoit.instructure.com,US,0
Mathews County Schools,mathews.instructure.com,US,0
Maywood Public Schools,maywood.instructure.com,US,0
McCook Public Schools,mccookbison.instructure.com,US,0
McDowell County Schools,mcdowell.instructure.com,US,0
McDowell Technical Community College,mcdowelltech.instructure.com,US,0
McFarland School District,mcfarland.instructure.com,US,0
McKinney ISD,canvas.mckinneyisd.net,US,0
Medford School District 549C,medford.instructure.com,US,0
Mequon - Thiensville School District,mtsd.instructure.com,US,0
Merced Union High School District,muhsd.instructure.com,US,0
Merrimack College,canvas.merrimack.edu,US,0
Mesa Public Schools,mpsaz.instructure.com,US,0
Metropolitan Community College,mccneb.instructure.com,US,0
Metropolitan Community College - Kansas City,mcckc.instructure.com,US,0
Miami Dade College,mdc.instructure.com,US,1
Michigan Community College Association,mco.instructure.com,US,0
Michigan State University,msu.instructure.com,US,1
Mid-Del Public Schools,mid-del.instructure.com,US,0
Mid-Plains Community College - CampusWeb,mpcc.instructure.com,US,0
Middlebury College,middlebury.instructure.com,US,1
Middletown Area School District,middletownsd.instructure.com,US,0
Midland Public Schools,midlandps.instructure.com,US,0
Midlothian ISD,misd.instructure.com,US,0
Miles Community College,milescc.instructure.com,US,0
Milford Public Schools,milfordpublicschools.instructure.com,US,0
Millard Public Schools - Omaha,mpsomaha.instructure.com,US,0
Millard School District,millard.instructure.com,US,0
Millsap ISD,millsapisd.instructure.com,US,0
Milton Area School District Teachers/Students,miltonsd.instructure.com,US,0
Mineola Union Free School District,mineola.instructure.com,US,0
Mineral Wells ISD,mwisd.instructure.com,US,0
Mississippi Delta Community College,msdelta.instructure.com,US,0
Mississippi State University,canvas.msstate.edu,US,0
Moberly Area Community College,macc.instructure.com,US,0
Mohave Community College,mohave.instructure.com,US,0
Molloy University,canvas.molloy.edu,US,0
Monona Grove School District,mononagrove.instructure.com,US,0
Monroe School District- Students/ Teachers,monroe.instructure.com,US,0
Montcalm Community College,montcalm.instructure.com,US,0
Monte del Sol Charter School,mdscs.instructure.com,US,0
Montgomery County Community College,canvas.mc3.edu,US,0
Montgomery County Public Schools,mcpsmd.instructure.com,US,0
Montgomery County Schools,montgomery.instructure.com,US,0
Montgomery ISD Staff & Students,montgomeryisd.instructure.com,US,0
Moore County Schools,ncmcs.instructure.com,US,0
Mooresville Graded School District,mgsd.instructure.com,US,0
Moraine Valley Community College,morainevalley.instructure.com,US,0
Morenci Unified School District.,morenci.instructure.com,US,0
Morgan Co School District,morgan.instructure.com,US,0
Morris School District,morrisschooldistrict.instructure.com,US,0
Moscow School District #281,msd281.instructure.com,US,0
Mott Community College,mottcc.instructure.com,US,0
Mount Mary University,canvas.mtmary.edu,US,0
Mount Pleasant Community School District,mtpcsd.instructure.com,US,0
Mountain View Los Altos High School District,mvla.instructure.com,US,0
Mt. Hood Community College,mthood.instructure.com,US,0
Mt. Pleasant Elementary School District,mpesd.instructure.com,US,0
Mullen Public Schools,mullenpublicschools.instructure.com,US,0
Murray School District,murrayschools.instructure.com,US,0
Muskegon Public Schools,mpsk12.instructure.com,US,0
Mustang Public Schools,mustangps.instructure.com,US,0
Natchez-Adams School District,natchezadams.instructure.com,US,0
National University of Natural Medicine,canvas.nunm.edu,US,0
Natrona County School District #1,natronaschools.instructure.com,US,0
Nebo School District,nebo.instructure.com,US,0
Nebraska Indian Community College,thenicc.instructure.com,US,0
Needham Public Schools,needham.instructure.com,US,0
Neenah Joint School District,neenah.instructure.com,US,0
Nelson County Public Schools,nelson.instructure.com,US,0
Neumont University,lms.neumont.edu,US,0
New Braunfels ISD,nbisd.instructure.com,US,0
New Caney ISD,newcaneyisd.instructure.com,US,0
New Day Charter School,newday.instructure.com,US,0
New Hanover County Schools,nhcs.instructure.com,US,0
New Kent County Public Schools,newkentschools.instructure.com,US,0
Newport SD WA,newport.instructure.com,US,0
Niobrara County School District #1,ncsd.instructure.com,US,0
Noble Public Schools,nobleps.instructure.com,US,0
Noblesville School District,noblesville.instructure.com,US,0
Norfolk Public Schools,nps.instructure.com,US,0
Norman Public Schools,normanpublicschools.instructure.com,US,0
Norris School District,norris.instructure.com,US,0
North Allegheny School District,northallegheny.instructure.com,US,0
North Bolivar School District,nbsd.instructure.com,US,0
North Central College,canvas.noctrl.edu,US,0
North Iowa Area Community College,niacc.instructure.com,US,0
North Penn School District,npenn.instructure.com,US,0
North Sanpete SD,northsanpete.instructure.com,US,0
North Summit School District,nssd.instructure.com,US,0
North Thurston Public Schools,nthurston.instructure.com,US,0
North Tippah School District,ntippah.instructure.com,US,0
Northampton County Public Schools,ncpsk12.instructure.com,US,0
Northbrook School District 27,nb27.instructure.com,US,0
Northeast Community College,northeastcc.instructure.com,US,0
Northeast Community School District,northeast.instructure.com,US,0
Northeastern University,northeastern.instructure.com,US,1
Northern Arizona University,canvas.nau.edu,US,0
Northern Highlands Regional High School District,nhrhs.instructure.com,US,0
Northern Wyoming Community College District,nwccd.instructure.com,US,0
Northwest Arctic Borough School District,nwarctic.instructure.com,US,0
Northwest Arkansas Community College,nwacc.instructure.com,US,0
Northwest ISD,nisdtx.instructure.com,US,0
Northwestern Lehigh School District,nwlehighsd.instructure.com,US,0
Northwestern University,canvas.northwestern.edu,US,1
Nottoway County Public Schools,nottowayschools.instructure.com,US,0
Nunez Community College,nunez.instructure.com,US,0
O'Neill Public Schools,oneillpublicschools.instructure.com,US,0
Oak Park School District,op97.instructure.com,US,0
Oak Park Unified School District,opusd.instructure.com,US,0
Oconee County Schools GA,oconeecountyschools.instructure.com,US,0
Oconomowoc Area School District,ocon.instructure.com,US,0
Ogallala Public Schools,opsd.instructure.com,US,0
Ogden School District,ogdensd.instructure.com,US,0
Ohio Hi Point Joint Vocational School District,ohiohipoint.instructure.com,US,0
Ohio State University,osu.instructure.com,US,1
Ojai Unified School District Students/Teachers,ojaiusd.instructure.com,US,0
Oklahoma City Public Schools -Students/Teachers,okcps.instructure.com,US,0
Oklahoma State University,canvas.okstate.edu,US,1
Olathe Public Schools,olatheschools.instructure.com,US,0
Old Dominion University,canvas.odu.edu,US,0
Omaha Public Schools,omaha.instructure.com,US,0
Oostburg School District,oostburg.instructure.com,US,0
Options Virtual Charter School,elkhorn.instructure.com,US,0
Orange County Public Schools,ocps.instructure.com,US,0
Orange County Schools,orange.instructure.com,US,0
Orangeburg County School District,ocsd4sc.instructure.com,US,0
Oregon Coast Community College,oregoncoastcc.instructure.com,US,0
Oregon State University,canvas.oregonstate.edu,US,1
Orlando Science Charter School K-8,orlandosciencecharterschool.instructure.com,US,0
Oshkosh Area School District,oasd.instructure.com,US,0
Owego-Apalachin Central School District,oacsd.instructure.com,US,0
Oxnard School District,oxnardsd.instructure.com,US,0
Oyster Bay-East Norwhich CSD,oben.instructure.com,US,0
Ozarks Technical Community College,otc.instructure.com,US,0
Pacific Lutheran Theological Seminary,canvas.callutheran.edu,US,0
Page County Public Schools,pagecounty.instructure.com,US,0
Palisades School District,palisades.instructure.com,US,0
Pamlico County Schools,pamlico.instructure.com,US,0
Pampa Independent School District,pampaisd.instructure.com,US,0
Panama Buena Vista Union School District,pbvusd.instructure.com,US,0
Paradise ISD,pisd.instructure.com,US,0
Park City School District,pcsd.instructure.com,US,0
Park County School District # 1,pcsd1.instructure.com,US,0
Park County School District #16,pcsd16.instructure.com,US,0
Park County School District No. 6,park6.instructure.com,US,0
Park High School District,lpsmt.instructure.com,US,0
Park University,canvas.park.edu,US,0
Pasadena Independent School District,pasadenaisd.instructure.com,US,0
Pasadena USD- Students/Teachers,pasadena.instructure.com,US,0
Patrick County Public Schools,patrick.instructure.com,US,0
Pearl Public School District,pearlpirates.instructure.com,US,0
Pearland ISD- Students/Staff,pearland.instructure.com,US,0
Pekin CSD 303,pekinhigh.instructure.com,US,0
Penn Hills School District,phsd.instructure.com,US,0
Pennridge School District,pennridge.instructure.com,US,0
Pennsbury SD,pennsbury.instructure.com,US,0
Pennsylvania Leadership Charter School,palcs.instructure.com,US,0
Pennsylvania State University,psu.instructure.com,US,1
Pepperdine University,canvas.pepperdine.edu,US,0
Perquimans County Schools,pq.instructure.com,US,0
Perris Union High School District -Students/Teachers,puhsd.instructure.com,US,0
Petersburg City Public Schools,pcps.instructure.com,US,0
Petersburg City School District,psd.instructure.com,US,0
Pewaukee School District,pewaukee.instructure.com,US,0
Philadelphia Charter School for Arts & Sciences,stringtheoryschools.instructure.com,US,0
Philomath School District,philomathsd.instructure.com,US,0
Phoenixville Area School District,phoenixville.instructure.com,US,0
Pickens County Schools,pickenscountyga.instructure.com,US,0
Pike County School District,pikekyschools.instructure.com,US,0
Pike-Delta-York Local School District,pdy.instructure.com,US,0
Pilot Point School District Students/Teachers,pilotpointisd.instructure.com,US,0
Pitt Community College,pittcc.instructure.com,US,0
Pitt County Schools,pitt.instructure.com,US,0
Pittsylvania County Schools,pcsk12va.instructure.com,US,0
Piute County School District,piute.instructure.com,US,0
Plano Independent School District,planoisd.instructure.com,US,0
Platte Co R3 SD,platteco.instructure.com,US,0
Pleasanton Unified School District,pleasantonusd.instructure.com,US,0
Plumas Unified School District,pcoe.instructure.com,US,0
Plymouth State University,mycourses.plymouth.edu,US,0
Point Loma Nazarene University,canvas.pointloma.edu,US,0
Pomona College,pomona.instructure.com,US,1
Ponder ISD Teachers/Students,ponderisd.instructure.com,US,0
Poquoson City Public Schools,poquosonschools.instructure.com,US,0
Port Byron Central School District Teachers/Students,portbyroncsd.instructure.com,US,0
Portland Public Schools,lms.pps.net,US,0
Portland State University,canvas.pdx.edu,US,1
Poteet Independent School District,poteetisd.instructure.com,US,0
Poway Unified School District,poway.instructure.com,US,0
Powhatan County Public Schools,powhatan.instructure.com,US,0
Prairie View A&M University - eCourses,ecourses.pvamu.edu,US,0
Pratt Community College,prattcc.instructure.com,US,0
Pratt Unified School District 382,usd382.instructure.com,US,0
PREP - Newport News Public Schools - Adult Ed,prep.instructure.com,US,0
Prince Edward County Public Schools,pecps.instructure.com,US,0
Prince George's Community College,pgcconline.instructure.com,US,0
Prince William County Public Schools,pwcs.instructure.com,US,0
Princeton Public Schools,princetonk12.instructure.com,US,0
Princeton University,princeton.instructure.com,US,1
Prosser School District.,prosserschools.instructure.com,US,0
Providence College,canvas.providence.edu,US,0
Provo School District,provo.instructure.com,US,0
Pryor Public Schools,pryorschools.instructure.com,US,0
Public Schools of Robeson County,robeson.instructure.com,US,0
Putnam Co School District,putnam.instructure.com,US,0
Quakertown Community School District,qcsd.instructure.com,US,0
Queens University of Charlotte,canvas.queens.edu,US,0
Radford City Public Schools,radfordcity.instructure.com,US,0
Randolph - Macon College,canvas.rmc.edu,US,0
Randolph Community College,randolphcc.instructure.com,US,0
Randolph County Schools,randolph.instructure.com,US,0
Randolph School - Huntsville AL,randolphschool.instructure.com,US,0
Rapid City Area School District,rcas.instructure.com,US,0
Raritan Valley Community College,rvcc.instructure.com,US,0
Raymore - Pecuiliar School District R2,raypec.instructure.com,US,0
Reach Cyber Charter School,reachcybercharter.instructure.com,US,0
Reading Area Community College,racc.instructure.com,US,0
Red Oak ISD,redoak.instructure.com,US,0
Redlands Community College,redlandscc.instructure.com,US,0
Regional School District 18 Parent,region18.instructure.com,US,0
Rensselaer Polytechnic Institute,rpi.instructure.com,US,1
Renton School District,rentonschools.instructure.com,US,0
Republic Schools,republicschools.instructure.com,US,0
Rhinebeck Central School District,rhinebeckcsd.instructure.com,US,0
Rice University,canvas.rice.edu,US,1
Rich School District,richschool.instructure.com,US,0
Richland Community College,richland.instructure.com,US,0
Richland School District,rsdshafter.instructure.com,US,0
Richland School District- Teachers/Students,rsd.instructure.com,US,0
Richmond County Public Schools,richmond-county.instructure.com,US,0
Richmond County Schools NC,richmondk12.instructure.com,US,0
Richmond Public Schools,rvaschools.instructure.com,US,0
Rider University,canvas.rider.edu,US,0
Ridley School District,ridleysd.instructure.com,US,0
River Parishes Community College,rpcc.instructure.com,US,0
River Vale Public Schools,rivervaleschools.instructure.com,US,0
Riverside School District 416,riversidesd.instructure.com,US,0
Riverton USD 404,usd404.instructure.com,US,0
Roane County Schools WV,roanewv.instructure.com,US,0
Roanoke City Public Schools,roanoke.instructure.com,US,0
Robeson Community College,robesoncc.instructure.com,US,0
Rockbridge County Public Schools,rockbridge.instructure.com,US,0
Rockdale County Public Schools,rockdale.instructure.com,US,0
Rockingham Community College,rockingham.instructure.com,US,0
Rockingham County Public Schools,rcps.instructure.com,US,0
Rockingham County Schools,rcs.instructure.com,US,0
Rockwood School District,rsdmo.instructure.com,US,0
Roseburg School District 4,roseburg.instructure.com,US,0
Roselle Public Schools,roselleschools.instructure.com,US,0
Roswell Independent School District,risd.instructure.com,US,0
Round Lake CSD 116,rlas116.instructure.com,US,0
Rowan-Cabarrus Community College,rccc.instructure.com,US,0
Rowan-Salisbury School District,rss.instructure.com,US,0
Roxbury Community College,rcc.instructure.com,US,0
Royal ISD,royalisd.instructure.com,US,0
Rutgers University,rutgers.instructure.com,US,1
Rutherford County Schools,rcsnc.instructure.com,US,0
Saddleback Valley USD -Teachers/Students,svusd.instructure.com,US,0
Sage Oak Charter School,sageoak.instructure.com,US,0
Saint Louis University Main Campus,canvas.slu.edu,US,0
Salem Community College,salemcc.instructure.com,US,0
Salem School District,salem.instructure.com,US,0
Salida School District,salidaschools.instructure.com,US,0
Salt Lake City School District - Teacher/Student Access,slcschools.instructure.com,US,0
Salt Lake Community College,slcc.instructure.com,US,1
San Antonio ISD,saisd.instructure.com,US,0
San Bernardino Community College District,sbccd.instructure.com,US,0
San Diego Community College District,sdccd.instructure.com,US,0
San Diego State University,sdsu.instructure.com,US,1
San Jose Evergreen Community College District,sjeccd.instructure.com,US,0
San Jose State University,sjsu.instructure.com,US,1
San José Unified School District,sjusd.instructure.com,US,0
San Juan College,canvas.sanjuancollege.edu,US,0
San Juan School District,sjsd.instructure.com,US,0
San Marcos CISD,smcisd.instructure.com,US,0
San Mateo Community College District,smccd.instructure.com,US,0
San Mateo Union High School District- Teachers/Students,smuhsd.instructure.com,US,0
Sandhills Community College,sandhills.instructure.com,US,0
Sanger ISD,sangerisd.instructure.com,US,0
SANS Technology Institute,canvas.sans.edu,US,0
Santa Clara University - onlinelearning.scu.edu,onlinelearning.scu.edu,US,0
Santa Fe College,courses.sfcollege.edu,US,0
Santa Fe Community College,sfcc.instructure.com,US,0
Santa Fe ISD,sfisd.instructure.com,US,0
Santa Fe Public Schools,sfps.instructure.com,US,0
Santa Monica College,online.smc.edu,US,0
Santa Rosa County SD,santarosa.instructure.com,US,0
Santa Rosa Junior College,canvas.santarosa.edu,US,0
Santa Ynez Valley Charter School,syvcs.instructure.com,US,0
Santa Ynez Valley Union USD,syvuhsd.instructure.com,US,0
Santiam Canyon School District,santiam.instructure.com,US,0
Saratoga Springs City School District,saratogaschools.instructure.com,US,0
Saskatoon Public Schools,spsd.instructure.com,US,0
Sauk Centre School District,isd743.instructure.com,US,0
Sauk Valley Community College,svcc.instructure.com,US,0
SAVA Charter School,sava.instructure.com,US,0
Savannah R-III SD,savannahr3.instructure.com,US,0
Schodack Central School District,schodack.instructure.com,US,0
School District of Indian River County,indianriver.instructure.com,US,0
School District of Marshfield,marshfield.instructure.com,US,0
School District of New Berlin,nbexcellencewi.instructure.com,US,0
School District of Reedsburg,reedsburg.instructure.com,US,0
School District of University City Teachers/Students,ucityschools.instructure.com,US,0
School District U-46,u46.instructure.com,US,0
Scott County Public Schools,scottschools.instructure.com,US,0
Scott County School District,scottcountyms.instructure.com,US,0
Scott County School District 2,scsd2.instructure.com,US,0
Seaside School District,ssd10.instructure.com,US,0
Seattle Colleges,canvas.seattlecolleges.edu,US,0
SEEQS Public Charter School,seeqs.instructure.com,US,0
Seguin ISD,seguinisd.instructure.com,US,0
Seminole County Public Schools,scps.instructure.com,US,0
Seminole State College of Florida,online.seminolestate.edu,US,0
Sequoia Union High School District,sequoia.instructure.com,US,0
Sevier School District,seviersd.instructure.com,US,0
Seward County Community College,sewardcc.instructure.com,US,0
Shakopee Public School District,shakopee.instructure.com,US,0
Shawnee Heights Unified School District 450,usd450.instructure.com,US,0
Shawnee Mission School District,smsd.instructure.com,US,0
Shawnee Public Schools,shawneeps.instructure.com,US,0
Sheboygan Falls School District- Students,sheboyganfalls.instructure.com,US,0
Shelby - Rising City Public SD,srchuskies.instructure.com,US,0
Shenandoah County Public Schools,shenandoahva.instructure.com,US,0
Shepherd ISD,shepherdisd.instructure.com,US,0
Sheridan County School District #2,sheridancsd2.instructure.com,US,0
Sherman ISD,shermanisd.instructure.com,US,0
Shoreline Community College,shoreline.instructure.com,US,0
Shoreline School District,shorelineschools.instructure.com,US,0
Siena College,canvas.siena.edu,US,0
Sierra Sands Unified School District,ssusd.instructure.com,US,0
Silver Falls School District,silverfallsschools.instructure.com,US,0
Simpson County School District,simpsonk12.instructure.com,US,0
Sinclair Community College,elearn.sinclair.edu,US,0
Sioux City Community School District,sccsd.instructure.com,US,0
Sisters School District,sisters.instructure.com,US,0
Skagit Valley Community College,skagit.instructure.com,US,0
Skokie School District 68,skokie68.instructure.com,US,0
Slidell ISD,slidell.instructure.com,US,0
Smoky Valley USD 400,smokyvalley.instructure.com,US,0
Smyth County Public Schools,scsb.instructure.com,US,0
Snohomish School District 201,sno.instructure.com,US,0
Solano Community College,solano.instructure.com,US,0
Sonoran Desert Institute,classroom.sdi.edu,US,0
Sophie B Wright Charter School,sbwcanvas.instructure.com,US,0
South Allegheny School District,southallegheny.instructure.com,US,0
South Central Community School District,scentral.instructure.com,US,0
South College,canvas.south.edu,US,0
South Eastern School District,sesdrams.instructure.com,US,0
South Fayette Township School District,southfayette.instructure.com,US,0
South Louisiana Community College,solacc.instructure.com,US,0
South Middleton School District,bubblers.instructure.com,US,0
South Park School District,sparksd.instructure.com,US,0
South Piedmont Community College,spcc.instructure.com,US,0
South Puget Sound Community College,spscc.instructure.com,US,0
South Spencer County School District,sspencer.instructure.com,US,0
South Texas Independent School District,stisd.instructure.com,US,0
South Tippah School District,stippahk12.instructure.com,US,0
Southeast Community College,southeastcc.instructure.com,US,0
Southern Lehigh School District,slsd.instructure.com,US,0
Southern Methodist University,smu.instructure.com,US,1
Southern Nazarene University,canvas.snu.edu,US,0
Southern State Community College,sscc.instructure.com,US,0
Southwest Virginia Community College,vccs.instructure.com,US,0
Southwestern Oregon Community College,socc.instructure.com,US,0
Sowela Technical Community College,sowela.instructure.com,US,0
Spencer Public Schools,spencer.instructure.com,US,0
Spokane Public Schools,spokaneschools.instructure.com,US,0
Spotsylvania County Public Schools,spotsylvania.instructure.com,US,0
Spring Branch ISD,springbranchisd.instructure.com,US,0
Spring-Ford School District,springford.instructure.com,US,0
Springfield Public Schools,springfieldpublicschools.instructure.com,US,0
Springfield School District,ssdcougars.instructure.com,US,0
Springs Charter School,springscs.instructure.com,US,0
St Francis College,canvas.sfc.edu,US,0
St. Bernard Parish Public Schools,sbpsb.instructure.com,US,0
St. Charles Community College,stchas.instructure.com,US,0
St. Clair County Community College,sc4.instructure.com,US,0
St. Helens School District,sthelens.instructure.com,US,0
St. James R-1 School District,stjschools.instructure.com,US,0
St. Joseph School District,sjsdcanvas.instructure.com,US,0
St. Louis Community College,stlcc.instructure.com,US,0
St. Lucie School District,stlucie.instructure.com,US,0
"St. Mary’s University - San Antonio, TX",stmarytx.instructure.com,US,0
St. Petersburg College,canvas.spcollege.edu,US,0
Stafford County Public Schools,staffordschools.instructure.com,US,0
Stanford University,canvas.stanford.edu,US,1
Stanley-Boyd Area School District,stanleyboyd.instructure.com,US,0
Stanly Community College,stanlycc.instructure.com,US,0
Stanly County School District,stanly.instructure.com,US,0
Stars Hallow High School District,jessicalail.instructure.com,US,0
State College Area School District,scasd.instructure.com,US,0
State Fair Community College,sfccmo.instructure.com,US,0
Stephenville ISD,sville.instructure.com,US,0
Stevens Institute of Technology,sit.instructure.com,US,1
Stokes County Schools NC,stokes.instructure.com,US,0
Sublette County School District #1,sub1.instructure.com,US,0
Sublette County School District #9,sublette9.instructure.com,US,0
Suffolk University,canvas.suffolk.edu,US,0
Sugar Creek Charter School,sugarcreek.instructure.com,US,0
Sugar Salem School District,sugarsalem.instructure.com,US,0
Sultan School District,sultanschools.instructure.com,US,0
Summit Public Schools,summitps.instructure.com,US,0
Sunflower County Consolidated School District,sunflower.instructure.com,US,0
Surry County Public Schools,surryschools.instructure.com,US,0
Susq-Cyber Charter School,susqcyber.instructure.com,US,0
Susquenita School District,susquenita.instructure.com,US,0
Sussex County Community College,sussexccc.instructure.com,US,0
Sussex County Public Schools,sussexschools.instructure.com,US,0
Sweet Home School District #55,shsd.instructure.com,US,0
Syosset Central School District,syosset.instructure.com,US,0
Syracuse City School District - Clever,scsd.instructure.com,US,0
Tacoma Community College,tacomacc.instructure.com,US,0
Taft City School District,taftcity.instructure.com,US,0
Taft Union High School District,taftunion.instructure.com,US,0
Tarrant County College District,canvas.tccd.edu,US,0
Taylor County School District,taylorfl.instructure.com,US,0
Tazewell County Public Schools,tcpsva.instructure.com,US,0
Tecumseh School District,tecumseh.instructure.com,US,0
Tehachapi Unified School District,teh.instructure.com,US,0
Temecula Valley Unified School District,temecula.instructure.com,US,0
Temple University,templeu.instructure.com,US,1
Tennessee Tech University,canvas.tntech.edu,US,0
Terra Community College,terra.instructure.com,US,0
Teton County School District #1 Parent Login,tcsd.instructure.com,US,0
Texas A&M University,canvas.tamu.edu,US,1
Texas A&M University - Corpus Christi,canvas.tamucc.edu,US,0
Texas A&M University-Victoria,canvas.uhv.edu,US,0
Texas City ISD,tcisd.instructure.com,US,0
Texas State Technical College,canvas.tstc.edu,US,0
Texas State University,canvas.txstate.edu,US,0
Texas Tech University,texastech.instructure.com,US,1
The Villages Charter School,vcs.instructure.com,US,0
Thomas Edison State University,courses.tesu.edu,US,0
Three Rivers SD,threerivers.instructure.com,US,0
Tigard-Tualatin School District,ttsd.instructure.com,US,0
Tillamook Bay Community College,tillamookbaycc.instructure.com,US,0
Tillamook School District 9,tillamooksd.instructure.com,US,0
Tippecanoe School District,tsc.instructure.com,US,0
Titusville SD,gorockets.instructure.com,US,0
Tohono O'Odham Community College,tocc.instructure.com,US,0
Tolleson Union High School District,tuhsd.instructure.com,US,0
Tooele County School District,tooeleschools.instructure.com,US,0
Transylvania University,canvas.transy.edu,US,0
Treasure Valley Community College,tvcc.instructure.com,US,0
Trinity International University,canvas.tiu.edu,US,0
Trinity University,canvas.trinity.edu,US,0
Trinity Valley Community College,trinityvalley.instructure.com,US,0
Trivium Charter School Network,triviumcharter.instructure.com,US,0
Troy Area School District,troysd.instructure.com,US,0
Truckee Meadows Community College,tmcc.instructure.com,US,0
Tucson Unified School District,tusd1.instructure.com,US,0
Tufts University,canvas.tufts.edu,US,1
Tulsa Public Schools- Staff/Students,tulsaps.instructure.com,US,0
Tunkhannock Area School District,tasd.instructure.com,US,0
Tupelo Public School District,tupelo.instructure.com,US,0
Turtle Mountain Community College,tm.instructure.com,US,0
Tyler ISD,tylerisd.instructure.com,US,0
Tyrrell County Schools,tycochs.instructure.com,US,0
UC Davis Continuing and Professional Education,cpeonline.ucdavis.edu,US,0
UCAM - Universidad Católica de Murcia,canvas.ucam.edu,US,0
"UCLA Extension - University of California, Los Angeles",my.uclaextension.edu,US,0
"UCNJ Union College of Union County, NJ",unioncc.instructure.com,US,0
Uinta County School District #1,uinta1.instructure.com,US,0
UMPQUA Community College,umpqua.instructure.com,US,0
Uniformed Services University,canvas.usuhs.edu,US,0
Union Academy Charter School,unionacademy.instructure.com,US,0
Union County Public Schools,ucps.instructure.com,US,0
Union CSD,union.instructure.com,US,0
Union Presbyterian Seminary,canvas.upsem.edu,US,0
Union Public School District,unionpublic.instructure.com,US,0
Union Public Schools,unionps.instructure.com,US,0
Union Ridge School District 86,urs86.instructure.com,US,0
Union-North United School District Students/Teachers,unorth.instructure.com,US,0
Unionville Chadds Ford School District,ucfsd.instructure.com,US,0
Unity School District,unityk12.instructure.com,US,0
Universitat Oberta de Catalunya,aula.uoc.edu,US,0
University of Alaska,canvas.alaska.edu,US,1
University of California,cole2.uconline.edu,US,0
University of California Davis,canvas.ucdavis.edu,US,1
University of California Los Angeles,bruinlearn.ucla.edu,US,1
University of California Merced,catcourses.ucmerced.edu,US,0
University of California Riverside,elearn.ucr.edu,US,1
University of Central Florida,webcourses.ucf.edu,US,1
University of Chicago,canvas.uchicago.edu,US,1
University of Colorado at Colorado Springs,canvas.uccs.edu,US,0
University of Colorado Boulder,canvas.colorado.edu,US,1
University of Dayton,canvas.udayton.edu,US,0
University of Denver,canvas.du.edu,US,1
University of Findlay,canvas.findlay.edu,US,0
University of Idaho,canvas.uidaho.edu,US,0
University of Illinois at Chicago,canvas.uic.edu,US,0
University of Illinois Urbana-Champaign,canvas.illinois.edu,US,1
University of Kansas,canvas.ku.edu,US,1
University of Kansas - kuconnect.ku.edu,kuconnect.ku.edu,US,0
University of Mary Hardin-Baylor,mycourses.umhb.edu,US,0
University of Mary Washington,canvas.umw.edu,US,0
University of Massachusetts Lowell,canvas.uml.edu,US,0
University of Miami,miami.instructure.com,US,1
University of Michigan,m.canvas.umich.edu,US,1
University of Michigan - Center of Academic Innovation,courses.online.umich.edu,US,0
University of Michigan - Dearborn,canvas.umd.umich.edu,US,0
University of Michigan - Flint,canvas.flint.umich.edu,US,0
University of Minnesota,canvas.umn.edu,US,1
University of Nebraska - Lincoln,canvas.unl.edu,US,0
University of Nevada- Reno,webcampus.unr.edu,US,0
University of New Hampshire,unh.instructure.com,US,1
University of New Haven,canvas.newhaven.edu,US,0
University of New Mexico,canvas.unm.edu,US,1
University of North Carolina at Chapel Hill,uncch.instructure.com,US,1
University of North Carolina at Charlotte,instructure.charlotte.edu,US,0
University of North Texas,unt.instructure.com,US,1
University of Notre Dame,canvas.nd.edu,US,1
University of Oklahoma,canvas.ou.edu,US,1
University of Oregon,canvas.uoregon.edu,US,1
University of Pennsylvania,canvas.upenn.edu,US,1
University of Pittsburgh,pittsburgh.instructure.com,US,1
University of Puget Sound,canvas.pugetsound.edu,US,0
University of South Alabama,usaonline.southalabama.edu,US,0
University of South Florida,usflearn.instructure.com,US,1
University of Southern California (Online),courses.online.usc.edu,US,0
University of St Francis,learn.stfrancis.edu,US,0
University of the Incarnate Word,canvas.uiw.edu,US,0
University of Utah,utah.instructure.com,US,1
University of Virginia,canvas.its.virginia.edu,US,1
University of Virginia Connect,canvasconnect.its.virginia.edu,US,0
University of Washington,canvas.uw.edu,US,1
University of Western States,canvas.uws.edu,US,0
University of Wisconsin Madison,wisconsin-madison.instructure.com,US,1
Upper St. Clair School District,uscsd.instructure.com,US,0
Upshur County Schools,upshur.instructure.com,US,0
Urbandale Community School District,urbandale.instructure.com,US,0
US-West School District,us-west.instructure.com,US,0
USD 480,usd480.instructure.com,US,0
Utah State University,usu.instructure.com,US,1
Uvalde CISD,uvaldecisd.instructure.com,US,0
Valparaiso University,canvas.valpo.edu,US,0
Vance County Schools,vance.instructure.com,US,0
Vance-Granville Community College,canvas.vgcc.edu,US,0
Vancouver Public Schools,vansd.instructure.com,US,0
Ventura USD- Teachers/Students,venturaunified.instructure.com,US,0
Venus ISD,venus.instructure.com,US,0
Verona Area School District,vasd.instructure.com,US,0
Vinton - Shellsburg Community School District,vscsd.instructure.com,US,0
Virginia Beach City Public Schools,vbschools.instructure.com,US,0
Virginia Tech,canvas.vt.edu,US,1
Virtual Horizons Charter School of Utah Oasis XRE,oasisxre.instructure.com,US,0
Vista USD,vistausd.instructure.com,US,0
Volusia County Schools,volusia.instructure.com,US,0
Voyager Academy NC,voyager.instructure.com,US,0
Wahoo Public Schools,wahooschools.instructure.com,US,0
Wake County Public Schools,wcpss.instructure.com,US,0
Wake Forest University,wakeforest.instructure.com,US,1
Wake Technical Community College - Employee/Students,waketech.instructure.com,US,0
Walla Walla Community College,wwcc.instructure.com,US,0
Wallace State Community College Selma,alabama.instructure.com,US,0
Waller ISD,waller.instructure.com,US,0
Walnut Grove School District R5,wgtigers.instructure.com,US,0
Ware Public Schools,ware.instructure.com,US,0
Warren Co School District R3,wcr3.instructure.com,US,0
Warren County Public Schools Students and Teachers,wcps.instructure.com,US,0
Wasco Union High School District,wascouhsd.instructure.com,US,0
Washington County School District,washk12.instructure.com,US,0
Washington County Schools,wcde.instructure.com,US,0
Washington State Community College,wscc.instructure.com,US,0
Washington Unified School District,wusdk12.instructure.com,US,0
Washington University MD Program,canvas.wustl.edu,US,0
Washtenaw Community College,wccnet.instructure.com,US,0
Watauga County Schools NC,watauga.instructure.com,US,0
"Waterford School, UT",waterfordschool.instructure.com,US,0
Watertown City School District,watertown-sd.instructure.com,US,0
Watervliet Public Schools,watervliet.instructure.com,US,0
Waubonsee Community College,waubonsee.instructure.com,US,0
Wauwatosa School District,wauwatosa.instructure.com,US,0
Wayne County Public Schools,waynecounty.instructure.com,US,0
Wayne School District,waynesd.instructure.com,US,0
Wayne State College,canvas.wsc.edu,US,0
Wayne State University,canvas.wayne.edu,US,0
Waynesboro City Public Schools,waynesboro.instructure.com,US,0
Wayzata Public Schools,wayzata.instructure.com,US,0
Weatherford ISD,wisd.instructure.com,US,0
Weber School District,wsd.instructure.com,US,0
Webster Groves School District,wgsd.instructure.com,US,0
Webster University,worldclassroom.webster.edu,US,0
Wenatchee School District,wenatchee.instructure.com,US,0
Wentzville School District,wentzville.instructure.com,US,0
West Allegheny School District - Parent/Guardian,westasd.instructure.com,US,0
West Bend School District,west-bend.instructure.com,US,0
West Bloomfield School District,westbloomfieldsd.instructure.com,US,0
West Burlington Independent School District,wbisd.instructure.com,US,0
West Coast University,canvas.westcoastuniversity.edu,US,0
West Hills Community College District,whccd.instructure.com,US,0
West Morris Regional High School District,wmrhsd.instructure.com,US,0
West Point Consolidated School District,wpcsd.instructure.com,US,0
West Point Public Schools,wpschools.instructure.com,US,0
West Shore Community College,westshore.instructure.com,US,0
West York Area School District -- Google Login,wyasd.instructure.com,US,0
Western Boone County Community School District,weboschools.instructure.com,US,0
Western New England University,kodiak.wne.edu,US,0
Western Wyoming Community College,westernwyoming.instructure.com,US,0
Westlake Academy Charter School,westlakeacademy.instructure.com,US,0
"Westminster College, MO",westminster-mo.instructure.com,US,0
Westmoreland County Public Schools,wmlcps.instructure.com,US,0
Weston County School District #7,weston7.instructure.com,US,0
Weston School District,westonps.instructure.com,US,0
Whatcom Community College,wcc.instructure.com,US,0
White Earth Tribal Community College,wetcc.instructure.com,US,0
White Settlement ISD,wsisd.instructure.com,US,0
Whitesboro ISD,whitesboroisd.instructure.com,US,0
Wilkes County Schools NC,wilkescounty.instructure.com,US,0
William Floyd School District,wfsd.instructure.com,US,0
William James College,canvas.williamjames.edu,US,0
Williams College,glow.williams.edu,US,1
Williamsburg County School District 01,williamsburgcsd.instructure.com,US,0
Williamsburg-James City County Public Schools,wjccschools.instructure.com,US,0
Willis Isd,willisisd.instructure.com,US,0
Windward Community College,windwardcc.instructure.com,US,0
Winfield-Mt Union Community School District,wmucsd.instructure.com,US,0
Winnebago Public Schools,winnebago.instructure.com,US,0
Winnsboro Independent School District,winnsboro.instructure.com,US,0
Winston Salem Forsyth County Public Schools,wsfcs.instructure.com,US,0
Wirt County Schools,wirtcounty.instructure.com,US,0
Wise County Schools,wisek12.instructure.com,US,0
Wiseburn School District Teacher/Student,wiseburn.instructure.com,US,0
Wishkah Valley School District,wishkah.instructure.com,US,0
Wisner - Pilger Public Schools,wisnerpilger.instructure.com,US,0
Woodridge School District 68,woodridge68.instructure.com,US,0
Worcester Polytechnic Institute,canvas.wpi.edu,US,1
Wythe County Public Schools,wythek12.instructure.com,US,0
Xavier University,canvas.xavier.edu,US,0
Yadkin County Schools NC,yadkin.instructure.com,US,0
Yakima Valley Community College,yvcc.instructure.com,US,0
Yale University,yale.instructure.com,US,1
Yavapai College Non-Credit Login,canvas.yc.edu,US,0
Yeshiva University - learnonline.yu.edu,learnonline.yu.edu,US,0
York Academy Regional Charter School,yorkarcs.instructure.com,US,0
Yuba Community College District,yccd.instructure.com,US,0
British University Vietnam,buv.instructure.com,VN,1
Fulbright University Vietnam,fuv.instructure.com,VN,1
TOS - The Olympia Schools,lms.theolympiaschools.edu.vn,VN,0
Inscape Education Group,canvas.inscape.co.za,ZA,0
University of the Witwatersrand,ulwazi.wits.ac.za,ZA,1
a Seoul School of Integrated Sciences & Technologies,assist.instructure.com,,0
"A.T. Still University, ATSU",atsu.instructure.com,,0
AAA Academy,aaaacademy.instructure.com,,0
Aaniiih Nakoda College,ancollege.instructure.com,,0
Abbotsleigh School for Girls,abbotsleigh.instructure.com,,0
Abilene Christian University,acu.instructure.com,,0
Abington Friends School,afs.instructure.com,,0
ABS Institute of Management,absinstitute.instructure.com,,0
Academia Medical Institute,amiohio.instructure.com,,0
Academie voor Geesteswetenschappen Utrecht,avgu.instructure.com,,0
Academy Aviation,academyaviationonline.instructure.com,,0
Academy for Urban Scholars Youngstown,ausychangingculture.instructure.com,,0
Academy of Endoscopy,endoscopy.instructure.com,,0
Academy of Health,academyh.instructure.com,,0
Academy of Interactive Entertainment,aie.instructure.com,,0
"Academy of Math, Engineering and Science",ames.instructure.com,,0
Academy of Notre Dame De Namur,ndapa.instructure.com,,0
Academy of Pepe Life,yelyzavetapiankova.instructure.com,,0
Academy Texas OnCourse,texasoncourse.instructure.com,,0
Acalanes Adult Education,auhsdadulted.instructure.com,,0
Acalanes Union High,acalanes.instructure.com,,0
Accelerated Academy,adaa.instructure.com,,0
ACCLM - Australasian College of Care Leadership and Management,acclm.instructure.com,,0
ACE Community Colleges,acecolleges.instructure.com,,0
ACS Education,acseducation.instructure.com,,0
Actuaries Institute,actuaries.instructure.com,,0
ACUE - Association of College and University Educators,acue.instructure.com,,0
Adelaide Institute of Business and Technology,aibt.instructure.com,,0
Adelaide Institute of Higher Ed,aihecanvas.instructure.com,,0
Adelaide International School,ais.instructure.com,,0
Aden International Business School,aden.instructure.com,,0
Adler Graduate School,adlergraduateschool.instructure.com,,0
Adler University,adler.instructure.com,,0
Adrian College,adrian.instructure.com,,0
Advanced College,advancedcollege.instructure.com,,0
AdventHealth University,ahu.instructure.com,,0
Affton Schools,afftonschools.instructure.com,,0
Africa Institute,gsu.instructure.com,,0
African Leadership Academy,africanleadershipacademy.instructure.com,,0
African School of Governance,asg.instructure.com,,0
Agnes Scott College,agnesscott.instructure.com,,0
Agricultural University of Iceland,lbhi.instructure.com,,0
Aim Academy,aimacademy.instructure.com,,0
Ainey - McCullers School of the Arts - MCSD Teachers/Students,mcsd.instructure.com,,0
Air Rescue College - ÖAMTC Flugrettung,airrescuecollege.instructure.com,,0
Akademiet Foresatte,akademiet.instructure.com,,0
Akilah Institute,akilah.instructure.com,,0
Al Akhawayn University,aui.instructure.com,,0
Al Siraat College,alsiraat.instructure.com,,0
Al Zahra College,azc.instructure.com,,0
Alabama Banking School,abs.instructure.com,,0
Alabama College of Osteopathic Medicine,acom.instructure.com,,0
Alabama State University,alasu.instructure.com,,0
Alamance-Burlington Schools,abss.instructure.com,,0
Alameda County Office of Education,acoe.instructure.com,,0
Alamein International University,aiu.instructure.com,,0
Alamo Colleges,alamo.instructure.com,,0
Alaska Career College,alaskacareercollege.instructure.com,,0
Albany College of Pharmacy and Health Sciences,acphs.instructure.com,,0
Albany Law School,albanylaw.instructure.com,,0
Albert Einstein College of Medicine,aecm.instructure.com,,0
Alberta College of Aeronautics,acaeronautics.instructure.com,,0
Albertus Magnus College,albertus.instructure.com,,0
Albizu University,albizu.instructure.com,,0
Albright College,albright.instructure.com,,0
Albuquerque Academy,aa.instructure.com,,0
Alcorn State University,alcorn.instructure.com,,0
Aldar Education Admins,cs1.instructure.com,,0
Alder Graduate School of Education,aldergse.instructure.com,,0
Alesco Secondary College,atwea.instructure.com,,0
Alex Carey University,acarey.instructure.com,,0
Alexander College,alexandercollege.instructure.com,,0
Alfred University,alfredu.instructure.com,,0
ALIAC - Air Link International Aviation College,aliac.instructure.com,,0
Alice L. Walton School of Medicine,awsom.instructure.com,,0
Alice Lloyd College,alicelloydcollege.instructure.com,,0
All Dorsey Colleges,dorsey.instructure.com,,0
All Saints College,allsaintscollege.instructure.com,,0
All Saints Grammar,allsaints.instructure.com,,0
All Saints University School of Medicine,allsaintsuniversity.instructure.com,,0
All Skills College,allskills.instructure.com,,0
All State Career School,allstate.instructure.com,,0
Allan Hancock College,hancockcollege.instructure.com,,0
Allegheny College,allegheny.instructure.com,,0
Allen University,allenuniversity.instructure.com,,0
Allendale Columbia School,ac.instructure.com,,0
Alliant International University,arist.instructure.com,,0
Alma College,almacollege.instructure.com,,0
Alphabet Education,alphabet.instructure.com,,0
Alternative Education,alted.instructure.com,,0
ALU Education,alueducation.instructure.com,,0
Alvernia University,alvernia.instructure.com,,0
Amazon Technical Academy,ata.instructure.com,,0
Ambassador High School,ambassador.instructure.com,,0
Ambition Institute,ambition.instructure.com,,0
Ambria College of Nursing,ambria.instructure.com,,0
American Academy of Art College,aaart.instructure.com,,0
American Academy of Dramatic Arts,aada.instructure.com,,0
American Association of Colleges of Osteopathic Medicine,aacom.instructure.com,,0
American Baptist College,abcnash.instructure.com,,0
American College of Education,ace.instructure.com,,0
American College of Healthcare Sciences,achs.instructure.com,,0
American Film Institute,afi.instructure.com,,0
American Heritage School,american-heritage.instructure.com,,0
American Institute,ai.instructure.com,,0
American Institute for Foreign Study,aifs.instructure.com,,0
American International College,aic.instructure.com,,0
American International University Kuwait,aiuk.instructure.com,,0
American Leadership Academy,americanleadership.instructure.com,,0
American Medical Academy,ama.instructure.com,,0
American Montessori Society,amshq.instructure.com,,0
American National University,anu.instructure.com,,0
American Renaissance School,ars.instructure.com,,0
American Tamil Academy,americantamilacademy.instructure.com,,0
American University Kyiv,auk.instructure.com,,0
American University of Afghanistan - AUAF,auaf.instructure.com,,0
American University of Bahrain,aubh.instructure.com,,0
American University of Health Sciences,auhs.instructure.com,,0
American University of Phnom Penh - Google,aupp.instructure.com,,0
American University School Education - AU SOE,soeonline-american.instructure.com,,0
American Virtual Academy,americanvirtualacademy.instructure.com,,0
Amerion College,amerion.instructure.com,,0
Amity Future Academy,amityfutureacademy.instructure.com,,0
AMLFC Institute,amlfcinstitute.instructure.com,,0
Amridge University,amridgeuniversity.instructure.com,,0
Amtech Institute,amtech.instructure.com,,0
Ana G Mendez University,agmu.instructure.com,,0
Analytics Institute of Australia,analyticsinstitute.instructure.com,,0
Ancillae Assumpta Academy,ancillae.instructure.com,,0
Andeel Teacher Literacy Institute,funlearn.instructure.com,,0
Anderson Community Schools- Parent,acsc.instructure.com,,0
Anderson University,anderson.instructure.com,,0
Andres R University,arojascruz.instructure.com,,0
Angeles Institute,angeles.instructure.com,,0
Angeles University Foundation,auf.instructure.com,,0
Anglia Ruskin University,anglia.instructure.com,,0
Anglicare College,anglicare.instructure.com,,0
Annandale Christian College,acc-qld.instructure.com,,0
Annoor Academy of Chattanooga,annoor.instructure.com,,0
Ansgar Teologiske Høgskole,ansgar.instructure.com,,0
Antelope Valley College,avc.instructure.com,,0
Antioch College,antioch.instructure.com,,0
AOBA Saturday School,aoba.instructure.com,,0
Apex Academy,apexacademyonline.instructure.com,,0
APEX Christian Academy,apex.instructure.com,,0
Apostolic Bible Institute,apostolicbible.instructure.com,,0
App Academy,appacademy.instructure.com,,0
Appalachian Bible College,abc.instructure.com,,0
Appalachian State University,appstate.instructure.com,,0
Apple Education,apple-education.instructure.com,,0
Appleby College,appleby.instructure.com,,0
AppleTree Institute,appletree.instructure.com,,0
Applied Property Development Institute,apdinstitute.instructure.com,,0
Appraisal Institute,appraisalinstitute.instructure.com,,0
Aquarius Institute,aquariusinstitute.instructure.com,,0
Aquinas High School,aquinashs.instructure.com,,0
Arcadia College,arcadiacollege.instructure.com,,0
Arcadia University,arcadia.instructure.com,,0
Archbishop Edward A McCarthy High School,mccarthyhigh.instructure.com,,0
Archbishop Hannan High School,hannanhigh.instructure.com,,0
Archbishop Hoban High School,hoban.instructure.com,,0
Archbishop Mitty High School,mitty.instructure.com,,0
Archbishop Murphy High School,am-hs.instructure.com,,0
Archbishop Rummel High School,rummelraiders.instructure.com,,0
Archbishop Spalding High School,spaldinghs.instructure.com,,0
Arendell Parrott Academy,parrottacademy.instructure.com,,0
Argo Community High School,argohs.instructure.com,,0
Argos Community Schools,argosschools.instructure.com,,0
Ariel College of the Bible and Messianic Jewish Studies,ariel.instructure.com,,0
Aristoi Classical Academy,aristoiclassical.instructure.com,,0
Arizona Christian University,arizonachristian.instructure.com,,0
Arizona College,arizonacollege.instructure.com,,0
Arizona College of Allied Health,azcalliedhealth.instructure.com,,0
Arizona School For The Arts,goasa.instructure.com,,0
Arizona Western College,azwestern.instructure.com,,0
Arkansas College of Health Education,ache.instructure.com,,0
Arkansas Department of Career Education,aalrc.instructure.com,,0
Arkansas State University,arkansasstateuniversity.instructure.com,,0
Arkansas State University - Mid South,asumidsouth.instructure.com,,0
Arkansas State University - Mountain Home,asumh.instructure.com,,0
Arkansas State University - Three Rivers,asutr.instructure.com,,0
Arkansas State University Newport,asun.instructure.com,,0
Arkansas State University-Beebe,asubeebe.instructure.com,,0
Arlington Baptist University,abu.instructure.com,,0
Arlington Community Schools,acsk-12.instructure.com,,0
Arma Dei Academy,armadeiacademy.instructure.com,,0
Armidale Secondary College,armidale-s.instructure.com,,0
ArtCenter College of Design,artcenter.instructure.com,,0
Artemis Academie,artemisacademie.instructure.com,,0
Arts University Plymouth,arts.instructure.com,,0
Asbury Theological Seminary,asburyseminary.instructure.com,,0
Ascend Leadership Academy: Lee County,alacademy.instructure.com,,0
Ascension Christian School,aclions.instructure.com,,0
Ascent Academies of Utah,ascentutah.instructure.com,,0
Asheboro City Schools,asheboro.instructure.com,,0
Asheville City Schools,acs.instructure.com,,0
Ashland City Schools,goarrows.instructure.com,,0
ASHP Research and Education Foundation,ashp.instructure.com,,0
Ashton Sixth Form College,asfc.instructure.com,,0
Asia Pacific International College,apic.instructure.com,,0
Asian Institute of Hospitality Management,aihmth.instructure.com,,0
Aspen Academy,aspenacademy.instructure.com,,0
Asrary Schools مدارس أسراري,asrary.instructure.com,,0
Asset STEM Education,assetinc.instructure.com,,0
Association of Commonwealth Universities,aculms.instructure.com,,0
Assumption Catholic School,assumptionjax.instructure.com,,0
Assyrian Christian Schools,acsnsw.instructure.com,,0
Astra Institute of Higher Education,astra.instructure.com,,0
ASU Education for Humanity,asuce.instructure.com,,0
ASU Prep AZ- Staff/Teachers,asuprepaz.instructure.com,,0
Athens State University,athensstate.instructure.com,,0
Atlanta Institute of Music,aimm.instructure.com,,0
Atlantic University,atlanticu.instructure.com,,0
Aubrick - Escola Bilingue Multicultural,aubrick.instructure.com,,0
Auburn University at Montgomery,aum.instructure.com,,0
Augustana University,augie.instructure.com,,0
Augustine Institute,augustine.instructure.com,,0
AUIB - American University of Iraq Baghdad,auib.instructure.com,,0
Aurora College,aurora.instructure.com,,0
Auschwitz Institute for Peace and Reconciliation,auschwitzinstitute.instructure.com,,0
Austin Peace Academy,apacademy.instructure.com,,0
Austin Waldorf School,austinwaldorf.instructure.com,,0
Australian Academy of Cinemagraphic Makeup,aacm.instructure.com,,0
Australian Capital College,australiancapitalcollege.instructure.com,,0
Australian College of Rural and Remote Medicine,acrrm.instructure.com,,0
Australian College of the Arts,collarts.instructure.com,,0
Australian Data and Cyber Institute,adci.instructure.com,,0
Australian Doula College,australiandoulacollege.instructure.com,,0
Australian Human Resources Institute,ahri.instructure.com,,0
Australian Institute of Healthcare Education,aihe.instructure.com,,0
Australian Institute of Higher Education - AIIHE,aiihe.instructure.com,,0
Australian Institute of Music,aim.instructure.com,,0
Australian Institute of Technology Transfer,aitt.instructure.com,,0
Australian Montessori College,amc.instructure.com,,0
Australian National Institute of Business and Technology,anibt.instructure.com,,0
Australian School of Accounting,asoa.instructure.com,,0
Avantika University,avantika.instructure.com,,0
Ave Maria School of Law,avemarialaw.instructure.com,,0
Ave Maria University,avemaria.instructure.com,,0
Avenues: The World School,avenues.instructure.com,,0
Averett University,averett.instructure.com,,0
Avila University,avila.instructure.com,,0
AWS Academy,awsacademy.instructure.com,,0
Azure College,azure.instructure.com,,0
B&M Academies - BMLA,bmla.instructure.com,,0
B.H. Carroll Theological Institute,bhcarroll.instructure.com,,0
Babson College,babson.instructure.com,,0
BAJ British Academy of Jewellery,baj.instructure.com,,0
Baker College,baker.instructure.com,,0
Baker Web Academy,bakercharters.instructure.com,,0
Baldwin Wallace University,bw.instructure.com,,0
Baliuag University,baliuagu.instructure.com,,0
Ball State University,bsu.instructure.com,,0
Ball-Chatham Schools,bcsd5.instructure.com,,0
Bancroft - Rosalie Public School,br.instructure.com,,0
Bank Street College of Education,bankstreet.instructure.com,,0
Banning Lewis Ranch Academy,accelschoolsonlineco.instructure.com,,0
Baptist Health Sciences University,baptistu.instructure.com,,0
Baptist School of Health Professions,bshp.instructure.com,,0
Baptist University of Florida,buf.instructure.com,,0
Barcelona Technology School,barcelonatechnologyschool.instructure.com,,0
Barclay College,barclaycollege.instructure.com,,0
Barenboim-Said Akademie,barenboimsaid.instructure.com,,0
Barker College,canvas.barker.college,,0
Barrow County School System,barrow.instructure.com,,0
Barrow Neurological Institute,barrowneuro.instructure.com,,0
Barry University,barry.instructure.com,,0
Bart Charter,bart.instructure.com,,0
Bartlett City Schools,bartlett.instructure.com,,0
Barton Business School,learningbbs.instructure.com,,0
Barton College,barton.instructure.com,,0
Basehor-Linwood Middle School,usd458.instructure.com,,0
Basehor-Linwood Virtual School,blvs.instructure.com,,0
Bastyr University,bastyr.instructure.com,,0
Batchelor Institute,batchelor.instructure.com,,0
Bates Technical College,bates.instructure.com,,0
Batesville Community School Corporation,batesville.instructure.com,,0
Bay Area Medical Academy,bama.instructure.com,,0
Bay District Schools- parent,bay.instructure.com,,0
Bay Haven Charter Academy- Parent,bhca.instructure.com,,0
Bay Path University,baypath.instructure.com,,0
Bay Ridge Prep Student,bayridgeprep.instructure.com,,0
Bay State College,baystate.instructure.com,,0
Bayaan Academy,bayaanacademy.instructure.com,,0
Bayan Gardens School,bgs-bayangardensschool.instructure.com,,0
Bayou Academy,bayouacademy.instructure.com,,0
Bayside Christian College,baysidecc.instructure.com,,0
Beaches Chapel School,beacheschapel.instructure.com,,0
Beacon Academy of Nevada,banv.instructure.com,,0
Beacon College,beacon.instructure.com,,0
Beacon Hill Classical Academy,beaconhill.instructure.com,,0
Bear River Charter,bearrivercharter.instructure.com,,0
Beaver Country Day School,bcdschool.instructure.com,,0
Beck School of Practical Nursing,beck.instructure.com,,0
Beckfield College,beckfield.instructure.com,,0
Beech Grove City Schools,bgcs.instructure.com,,0
Beehive Science & Technology Academy,beehive.instructure.com,,0
BEI - Bilingual Education Institute,bei.instructure.com,,0
Bel-Rea Institute,bel-rea.instructure.com,,0
Belanger School of Nursing,belanger.instructure.com,,0
Belfast Metropolitan College,belfastmet.instructure.com,,0
Belhaven University,belhaven.instructure.com,,0
Bellarmine College Prep School,bcp.instructure.com,,0
Bellevue College,bc.instructure.com,,0
Bellin College,bellincollege.instructure.com,,0
Bellingham Technical College,btc.instructure.com,,0
Belmont College,belmontcollege.instructure.com,,0
Belmont High School,belmont-hs.instructure.com,,0
Belmont Hill School,belmonthill.instructure.com,,0
Belmont University,belmont.instructure.com,,0
Bend-La Pine Schools,bls.instructure.com,,0
Benedict College,benedict.instructure.com,,0
Benedictine College,benedictine.instructure.com,,0
"Benemérita Escuela Normal ""Educadora Rosaura Zapata""",benerz.instructure.com,,0
Bennett College,bennett.instructure.com,,0
Bentley School,bentleyschool.instructure.com,,0
Berghs School of Communication,berghs.instructure.com,,0
Berkeley City College,peralta.instructure.com,,0
Berkeley College,berkeleycollege.instructure.com,,0
Berkeley Vale Campus,bvc.instructure.com,,0
Berks Catholic High School,berkscatholic.instructure.com,,0
Berkshire School,berkshireschool.instructure.com,,0
Berry College,berry.instructure.com,,0
Best Care College,bestcarecollege.instructure.com,,0
Bethany College - Kansas,bethanylb.instructure.com,,0
Bethany Community School,bcswolves.instructure.com,,0
Bethel Christian School,bethelcs.instructure.com,,0
Bethel College,bethelcollege.instructure.com,,0
Bethel College Kansas,bethelks.instructure.com,,0
Bethel University,bethelu.instructure.com,,0
Bethel University - Indiana,betheluniversity.instructure.com,,0
Bethune-Cookman University Students,cookman.instructure.com,,0
Bexley City Schools,bexleyschools.instructure.com,,0
Bhaktivedanta Institute for Higher Studies,bihstudies.instructure.com,,0
BI Norwegian Business School,bi.instructure.com,,0
Bibleway Academy,bibleway.instructure.com,,0
Big Sky Community School,bigsky.instructure.com,,0
BigByte Education,bigbyte.instructure.com,,0
Bilakademiet,bilakademiet.instructure.com,,0
BIMM Institute,bimm.instructure.com,,0
Bio-Med Science Academy,biomed.instructure.com,,0
Bishop Alemany High School,alemany.instructure.com,,0
Bishop Carroll Catholic High School,bcchs.instructure.com,,0
Bishop Chatard High School,bishopchatard.instructure.com,,0
Bishop Garcia Diego High School,bgdhs.instructure.com,,0
Bishop Guilfoyle High School,bguilfoyle.instructure.com,,0
Bishop McNamara Catholic School,bmcss.instructure.com,,0
Bishop Mora Salesian High School,mustangsla.instructure.com,,0
Bishop Ready High School,brhs.instructure.com,,0
Bishop Verot Catholic High School,bvhs.instructure.com,,0
Black Hawk College,bhc.instructure.com,,0
Blackpool and The Fylde College,bfc.instructure.com,,0
Blackstone Valley Prep,blackstonevalleyprep.instructure.com,,0
Blended Schools,blendedschools.instructure.com,,0
Blessed Trinity Catholic School,blessedtrinitycatholicschool.instructure.com,,0
Blessing Rieman College of Nursing & Health Sciences - BRCN,brcn.instructure.com,,0
Blindside University,blindside.instructure.com,,0
Bloomfield Academy,bloomfieldacademy.instructure.com,,0
Bloomfield Hills Schools,bloomfieldhills.instructure.com,,0
Bloomsbury Institute Staff CPD,bloomsburycpd.instructure.com,,0
Blue Cliff College,bluecliffcollege.instructure.com,,0
Blue Mountain College,bmc.instructure.com,,0
Bluefield College,bluefield.instructure.com,,0
BluLever Education,blulever.instructure.com,,0
Bob Jones University,bju.instructure.com,,0
Bolivar Schools,bolivarschools.instructure.com,,0
Borders College,borderscollege.instructure.com,,0
Boston College,bostoncollege.instructure.com,,0
Boston College High School,bchigh.instructure.com,,0
Boston College UK,boston.instructure.com,,0
Bourgade Catholic High School,bourgadecatholic.instructure.com,,0
Bowling Green State University,bgsu.instructure.com,,0
Bowman School,bowmanschool.instructure.com,,0
Boylan Catholic High School,boylan.instructure.com,,0
Bradford Preparatory School,bradfordprepschool.instructure.com,,0
Braille Institute of America,brailleinstitute.instructure.com,,0
Brenau University,brenau.instructure.com,,0
Brentwood Academy,brentwoodacademy.instructure.com,,0
Brest Business School,bbs.instructure.com,,0
Brevard College,brevardcollege.instructure.com,,0
Brewster Academy,brewster.instructure.com,,0
Bridge Prep Academy of Riverview,bridgeprepriverviewmiddlehigh.instructure.com,,0
Bridgerland Technical College,btech.instructure.com,,0
Bridgewater College,bridgewater.instructure.com,,0
Briercrest College and Seminary,briercrest.instructure.com,,0
Brigham Young University - Idaho,byui.instructure.com,,0
Brisbane Grammar School,bgs.instructure.com,,0
Bristol Tennessee City Schools,btcs.instructure.com,,0
British Modern International School Doha Qatar,bmis.instructure.com,,0
British University in Georgia,bug.instructure.com,,0
Brockenhurst College,brock.instructure.com,,0
Brockton School,brockton.instructure.com,,0
Bronston Canadian Academy,bronston.instructure.com,,0
Brooklyn Center Community Schools,bccs286.instructure.com,,0
Brooklyn Law School,brooklaw.instructure.com,,0
Brophy College Prepatory,brophyprep.instructure.com,,0
Broughton Anglican College,broughton.instructure.com,,0
Browning School,browning.instructure.com,,0
Bruderhof Schools,ccflearn.instructure.com,,0
Brussels School of Governance,bsog.instructure.com,,0
Bryan College,bryancollege.instructure.com,,0
Bryan College of Health Sciences,bryanhealthcollege.instructure.com,,0
Bryan University,buconnect.instructure.com,,0
Bryant University,bryant.instructure.com,,0
Buckeye Community School,buckeyecs.instructure.com,,0
Buckeye Online School for Success,buckeye.instructure.com,,0
Buena Vista University,bvu.instructure.com,,0
Buford City Schools,bufordcityschools.instructure.com,,0
Builders Academy,buildersacademy.instructure.com,,0
Built Form Design Academy,bfda.instructure.com,,0
Bundaberg Christian College,bcc.instructure.com,,0
Bungendore High School,bungendorehs.instructure.com,,0
Burke Mountain Academy,bma.instructure.com,,0
Burr & Burton Academy,bba.instructure.com,,0
Burrell College of Osteopathic Medicine,burrellcollege.instructure.com,,0
Burris Laboratory School,burris.instructure.com,,0
Burton and South Derbyshire College,bsdc.instructure.com,,0
Bury College,burycollege.instructure.com,,0
Bushnell University,bushnell.instructure.com,,0
Butler University,butler.instructure.com,,0
BYU J. Reuben Clark Law School,byulaw.instructure.com,,0
C&K College - Childcare and Kindergarten,candk.instructure.com,,0
C3 College,c3college.instructure.com,,0
Cabarrus College of Health Science,cabarruscollege.instructure.com,,0
Cabrillo College,cabrillo.instructure.com,,0
Cairnmillar Institute,cairnmillar.instructure.com,,0
Calbright College,calbright.instructure.com,,0
Calexico Unified,cusdk12.instructure.com,,0
California Aeronautical University,calaero.instructure.com,,0
California Baptist University,calbaptist.instructure.com,,0
California Career Institute,calinstitute.instructure.com,,0
California Community Colleges,ccconlineed.instructure.com,,0
California Distance Learning Cooperative - Adult Education,aecalifornia.instructure.com,,0
California Institute for Human Science,cihs.instructure.com,,0
California Institute of Advanced Management,ciam.instructure.com,,0
California Institute of Integral Studies,ciis.instructure.com,,0
California Northstate University,cnsu.instructure.com,,0
California Nurses Educational Institute,cnei.instructure.com,,0
California Southern University,calsouthern.instructure.com,,0
California State University - Stanislaus,csustan.instructure.com,,0
California State University Bakersfield,csub.instructure.com,,0
California State University Los Angeles,calstatela.instructure.com,,0
California State University San Marcos,csusm.instructure.com,,0
"California State University, Channel Islands",csuci.instructure.com,,0
"California State University, East Bay",csueb.instructure.com,,0
"California State University, Monterey Bay",csumb.instructure.com,,0
"California State University, Monterey Bay - mbaonline.csumb.edu",csumbonline.instructure.com,,0
California University of Science and Medicine,calmed.instructure.com,,0
California Western School of Law,cwsl.instructure.com,,0
Caloundra City Private School,ccpsqld.instructure.com,,0
Calvary Bible College and Theological Seminary,calvary.instructure.com,,0
Calvary Christian High School,calvarychs.instructure.com,,0
Calvin Seminary,cts.instructure.com,,0
Camas Valley School Dist 21,camasvalley.instructure.com,,0
Cambridge Academy of Dental Implantology,cadi.instructure.com,,0
Cambridge College,ccg.instructure.com,,0
Cambridge Education Group,ceg.instructure.com,,0
Camden County College,camdencc.instructure.com,,0
Camden Haven High School,camdenhaven.instructure.com,,0
Camden High School,camden.instructure.com,,0
Campus School Kimball - grades k-5,universityschoolsk12.instructure.com,,0
Canada's National Ballet School,nbs-enb.instructure.com,,0
Canadian All Care College,cacc.instructure.com,,0
Canadian Memorial Chiropractic College,cmcc.instructure.com,,0
Canine Behaviour College,caninebehaviourcollege.instructure.com,,0
Canton Academy,cantonacademy.instructure.com,,0
Cantwell-Sacred Heart of Mary High School College Preparatory,cshm.instructure.com,,0
Canvas Latam University,ggonzalez.instructure.com,,0
Canyon Grove Academy,canyongrove.instructure.com,,0
CAPA The Global Education Network,capa.instructure.com,,0
Capella University,capella.instructure.com,,0
Capistrano Unified Parent,capousd.instructure.com,,0
Capistrano Valley Christian School,cvcs.instructure.com,,0
Capital City College,capitalcitycollege.instructure.com,,0
Capital University,capital.instructure.com,,0
Capitol Technology University,captechu.instructure.com,,0
Cardinal Gibbons High School Fort Lauderdale,cghsfl.instructure.com,,0
Cardinal Mooney Catholic High School,cmhs.instructure.com,,0
Cardinal Stritch University,stritch.instructure.com,,0
Career Networks Institute,cnicollege.instructure.com,,0
Career Path High School,utahcph.instructure.com,,0
Career Point College,careerpoint.instructure.com,,0
Carey Baptist Grammar School,carey.instructure.com,,0
Caribbean University - Bayamon,caribbean.instructure.com,,0
Carl Sandburg College,sandburgcollege.instructure.com,,0
Carmichael College,carmichaelcollege.instructure.com,,0
Carolinas College,carolinascollege.instructure.com,,0
Carolyn University,carolynlyons.instructure.com,,0
Carroll University,carrollu.instructure.com,,0
Carrollton School of the Sacred Heart,carrollton.instructure.com,,0
Carson Middle School,greene.instructure.com,,0
Carson-Newman University,cn.instructure.com,,0
Carteret Community Colleges,carteretcc.instructure.com,,0
Carver University,canvas.carver.university,,0
CAS - Keck Graduate Institute,kgi.instructure.com,,0
Casa Loma College,casalomacollege.instructure.com,,0
Cass Career Center,casscareercenter.instructure.com,,0
CAST STEM High School,caststem.instructure.com,,0
Castle Hill High School,castlehill.instructure.com,,0
Cathedral High School,gocathedral.instructure.com,,0
Catherine Leahy Brine Educational Consultants,cfbrine.instructure.com,,0
"Catholic Education Office, Diocese of Ballarat",ceob.instructure.com,,0
Catholic International University,catholiciu.instructure.com,,0
Católica-Lisbon School of Business and Economics,universidadecatolicaportuguesa.instructure.com,,0
Cavalli College,cavalli.instructure.com,,0
Cecil College,cecil.instructure.com,,0
Cedar College,cedarcollege.instructure.com,,0
Cedar Crest College,cedarcrest.instructure.com,,0
Cedarville University,cedarville.instructure.com,,0
Ceeli Institute,ceeli.instructure.com,,0
CEMIX University,cemixuniversity.instructure.com,,0
Centenary College of Louisiana,centenary.instructure.com,,0
Center Grove Community School Corporation,centergrove.instructure.com,,0
Center Schools Students,centerk12.instructure.com,,0
Central Baptist College,centralbaptist.instructure.com,,0
Central Catholic High School,cchs.instructure.com,,0
Central Christian Academy,ccachargers.instructure.com,,0
Central Christian College of Kansas,centralchristiancollege.instructure.com,,0
Central Christian College of the Bible,cccb.instructure.com,,0
Central College,centralcollege.instructure.com,,0
Central Louisiana Technical College,cltcc.instructure.com,,0
Central Luzon State University,clsu.instructure.com,,0
Central Methodist University,centralmethodist.instructure.com,,0
Central Nine Career Center,centralnine.instructure.com,,0
Central Ohio Technical College,cotc.instructure.com,,0
Central Oklahoma College,centraloc.instructure.com,,0
Central State University,centralstate.instructure.com,,0
Central Washington University,cwu.instructure.com,,0
Central Wyoming College,cwc.instructure.com,,0
Centralia College,centralia.instructure.com,,0
Centre for Pharmacy Postgraduate Education,cppe.instructure.com,,0
Centro Universitario de Ciencias Industriales,cuci.instructure.com,,0
Centura College,centuracollege.instructure.com,,0
Cerritos College,cerritos.instructure.com,,0
Certification Central Education,certificationcentral.instructure.com,,0
CES - Cooperative Educational Services,ces-org.instructure.com,,0
Cessnock High School,cessnockhigh.instructure.com,,0
CFA Institute,learn.cfainstitute.org,,0
Chadron State College,chadron.instructure.com,,0
Chaffey Joint Union High- Students/Teachers,cjuhsd.instructure.com,,0
Chamberlain University,chamberlain.instructure.com,,0
Chaminade College Prep School,chaminade-stl.instructure.com,,0
Chaminade College Preparatory,chaminadeprep.instructure.com,,0
Chaminade High School,chaminade-hs.instructure.com,,0
Chaminade Madonna College Prep,cmlions.instructure.com,,0
Chaminade University,chaminade.instructure.com,,0
Champlain College,champlain.instructure.com,,0
Charlotte Christian School,charlottechristian.instructure.com,,0
Charlotte Country Day School,charlottecountryday.instructure.com,,0
Charlotte-Mecklenburg Schools,cms.instructure.com,,0
Charlottesville City Schools,cvilleschools.instructure.com,,0
Charter College,chartercollege.instructure.com,,0
Chartered Institute of Educational Assessors,ciea.instructure.com,,0
Charterhouse School - Malaysia,charterhouse-htms.instructure.com,,0
Chas Academy,chasacademy.instructure.com,,0
Chattanooga Christian School,ccsk12.instructure.com,,0
Cherokee Christian Schools,cherokeechristian.instructure.com,,0
Cherry Creek Schools,cherrycreekschools.instructure.com,,0
Cherrybrook Technology High School,cths.instructure.com,,0
Chesapeake College,chesapeake.instructure.com,,0
"Chestnut Hill College, CHC",chcollege.instructure.com,,0
Chevalier College,chevalier.instructure.com,,0
Chevron College,chevroncollege.instructure.com,,0
Chiang Mai University,mango-cmu.instructure.com,,0
Chiba Institute of Technology,chibatech.instructure.com,,0
Chicago Jesuit Academy,chicagojesuitacademy.instructure.com,,0
Chicago Theological Seminary,ctschicago.instructure.com,,0
Child Health and Development Institute,kidsmentalhealthtraining.instructure.com,,0
Child Mind Institute,childmind.instructure.com,,0
Children's Day School - CDS,cds.instructure.com,,0
Chippewa Valley Technical College,cvtc.instructure.com,,0
Choctaw School,choctawnation.instructure.com,,0
Choffin Career and Technical Center Adult Education,choffinctcaded.instructure.com,,0
Christ Episcopal School,ces.instructure.com,,0
Christchurch School,christchurchschool.instructure.com,,0
Christian Academy School System,ca.instructure.com,,0
Christian Brothers Academy,cbalincroftnj.instructure.com,,0
Christian Brothers College High School,cbchs.instructure.com,,0
Christian Brothers School,cbs.instructure.com,,0
Christian Brothers University,cbu.instructure.com,,0
Christian Counseling & Educational Foundation,ccef.instructure.com,,0
Christian Education National,cen.instructure.com,,0
Christian Life College,clc.instructure.com,,0
Christopher Columbus High School,columbushs.instructure.com,,0
Cincinnati Hills Christian Academy,chca-oh.instructure.com,,0
Circle Christian School,circle.instructure.com,,0
Circulus Institute,circulus.instructure.com,,0
Cirencester College,cirencester.instructure.com,,0
Cisco College,ciscocollege.instructure.com,,0
Citizen Schools,citizenschools.instructure.com,,0
Citizens’ High School,citizenshighschool.instructure.com,,0
Citrus College,citruscollege.instructure.com,,0
City Academy SLC,cityacademyslc.instructure.com,,0
City College of San Francisco,ccsf.instructure.com,,0
City College of San Francisco - Extension,ccsf-extension.instructure.com,,0
City College Qatar,citycollegeqatar.instructure.com,,0
City of Glasgow College,cogc.instructure.com,,0
City University Miami,miu.instructure.com,,0
City University of Hong Kong - Dongguan,cityu-dg.instructure.com,,0
City Vision University,cityvision.instructure.com,,0
Claflin University,claflin.instructure.com,,0
Claremont Graduate University,cgu.instructure.com,,0
Claremont Lincoln University,claremont.instructure.com,,0
Claremont McKenna College,cmc.instructure.com,,0
Clark College,clarkcollege.instructure.com,,0
Clarkson College,clarksoncollege.instructure.com,,0
Clay Community Schools,ccscanvas.instructure.com,,0
Clearwater Central Catholic High School,ccchs.instructure.com,,0
Cleary University,cleary.instructure.com,,0
Cleveland Institute of Art,cia.instructure.com,,0
Cleveland Institute of Music,cim.instructure.com,,0
Cleveland Marshall School of Law,csulawonline.instructure.com,,0
Cleveland University - Kansas City,cleveland.instructure.com,,0
Cloudcroft Municipal Schools,cmsbears.instructure.com,,0
Clover Garden High School,cgsnc.instructure.com,,0
Clover Park Technical College,cptc.instructure.com,,0
CMKL University,cmkl.instructure.com,,0
CMLT at Phillips Seminary,ptstulsa.instructure.com,,0
Coachella Valley Unified,cvusd.instructure.com,,0
Code For Schools,codeforschools.instructure.com,,0
Coder Academy,coderacademy.instructure.com,,0
Colearn Academy,colearn.instructure.com,,0
Colegio Argos,colegioargos.instructure.com,,0
Colegio Base,base.instructure.com,,0
Colegio Cristiano Logos,logos.instructure.com,,0
Colegio El Manglar,elmanglar.instructure.com,,0
Colegio Epullay,epullay.instructure.com,,0
Colegio Fermin Tanguis,ftanguis.instructure.com,,0
Colegio Internacional Ausiàs March,ausiasmarch.instructure.com,,0
Colegio IT,colegioit.instructure.com,,0
Colegio Legamar,legamar.instructure.com,,0
Colegio Menor Quito,menoruio.instructure.com,,0
Colegio Monclair,monclair.instructure.com,,0
Colegio Suizo Pestalozzi,pestalozzi.instructure.com,,0
College Bridge,college-bridge.instructure.com,,0
College for Creative Studies,collegeforcreativestudies.instructure.com,,0
College of Central Florida,cf.instructure.com,,0
College of Eastern Idaho,cei.instructure.com,,0
College of Europe,coleurope.instructure.com,,0
College of Health Care Professions,chcp.instructure.com,,0
College of Health Careers,rcbh-edu.instructure.com,,0
College of Lake County,clcillinois.instructure.com,,0
College of Marin,marin.instructure.com,,0
College of Menominee Nation,menominee.instructure.com,,0
College of Natural Health & Homeopathy,cnhh.instructure.com,,0
College of New Jersey,tcnj.instructure.com,,0
College of Saint Mary,csmomaha.instructure.com,,0
College of Saint Scholastica,css.instructure.com,,0
College of Southern Idaho,csi.instructure.com,,0
College of Southern Idaho: College & Career Readiness,csiccr.instructure.com,,0
College of Southern Nevada,csn.instructure.com,,0
College of the Canyons,coc.instructure.com,,0
College of the Desert,collegeofthedesert.instructure.com,,0
College of the Holy Cross,hc.instructure.com,,0
College of the Redwoods,redwoods.instructure.com,,0
College of the Sequoias,cos.instructure.com,,0
College of the Siskiyous,siskiyous.instructure.com,,0
College of Western Idaho,cwi.instructure.com,,0
College Preparatory School,college-prep.instructure.com,,0
Collier Schools,collierschools.instructure.com,,0
Collin College,collin.instructure.com,,0
Collision Career Institute,cci.instructure.com,,0
Colorado Academy,coloradoacademy.instructure.com,,0
Colorado City Unified District,ccusd.instructure.com,,0
Colorado Early Colleges,cec.instructure.com,,0
Colorado Mountain College,coloradomtn.instructure.com,,0
Colorado Rocky Mountain School-CRMS-Teachers/Students,crms.instructure.com,,0
Colorado School for the Deaf and Blind,csdb.instructure.com,,0
Colorado State University Pueblo,csupueblo.instructure.com,,0
Columbia Business School Enrichment Program,kupgsb.instructure.com,,0
Columbia College,columbiacollege.instructure.com,,0
Columbia International University,ciuonline.instructure.com,,0
Columbus Arts & Technology Academy,accelschoolsonlineoh2.instructure.com,,0
Columbus City Schools,ccsoh.instructure.com,,0
Colégio MOPI,colegiomopi.instructure.com,,0
Commonwealth Institute of Funeral Service,commonwealth.instructure.com,,0
Community Colleges of Spokane,ccs.instructure.com,,0
Community Schools of Frankfort,frankfortschools.instructure.com,,0
Comox Valley Schools - Navigate NIDES,comoxvalleyschools.instructure.com,,0
Compton College,compton.instructure.com,,0
Concacaf Academy,concacaf.instructure.com,,0
Concord High School,chsbears.instructure.com,,0
Concorde Career Colleges,concorde.instructure.com,,0
Concordia Lutheran Schools of Omaha,concordiaomaha.instructure.com,,0
Concordia University Irvine,cui.instructure.com,,0
Concordia University Wisconsin & Ann Arbor - CUW / CUAA,cuwaa.instructure.com,,0
Conde Nast College of Fashion and Design,condenast.instructure.com,,0
Conejo Valley Unified- Teachers/Students,conejousd.instructure.com,,0
Connors State College,connorsstate.instructure.com,,0
Consortium For School Networking,cosn.instructure.com,,0
Contra Costa County Office of Education,cccoe.instructure.com,,0
Contra Costa Medical Career College,ccmcc.instructure.com,,0
Cooley Law School,cooley.instructure.com,,0
Corbett Preparatory School,corbettprep.instructure.com,,0
Cornerstone Academy - Main Campus,accelschoolsonlineoh1.instructure.com,,0
Cornerstone Christian Academy,ccaguardians.instructure.com,,0
Cornerstone Christian Schools,saccs.instructure.com,,0
Cornerstone Education Management,cornerstoneeducation.instructure.com,,0
Cornish College of the Arts,cornish.instructure.com,,0
Corona-Norco Adult Education,cnusdae.instructure.com,,0
Cosmic Education Group,cosmicedugroup.instructure.com,,0
Cottey College,cottey.instructure.com,,0
Covenant Christian HS,covenantchristian.instructure.com,,0
Covenant Christian School,covenant.instructure.com,,0
Covenant College,covenantcollege.instructure.com,,0
Covenant Theological Seminary,covenantseminary.instructure.com,,0
Covington Catholic High School,covcath.instructure.com,,0
Covington Community School Corporation,ccsc.instructure.com,,0
Coweta Charter Academy,cowetacharteracademy.instructure.com,,0
Cox College,coxcollege.instructure.com,,0
Crater Lake Charter Academy,craterlakecharter.instructure.com,,0
Crawford Central SD Student/Teacher,craw.instructure.com,,0
Crawfordsville Com Schools,cville.instructure.com,,0
Crean Lutheran High School,creanlutheran.instructure.com,,0
Creative Academy - Open Window - Open Window University,uxi.instructure.com,,0
Creighton Preparatory School Students/Teachers,creightonprep.instructure.com,,0
Creighton University,blueline.instructure.com,,0
Crescent School,crescentschool.instructure.com,,0
Crestview Schools,crestviewschools.instructure.com,,0
Crimson Global Academy,crimsonglobalacademy.instructure.com,,0
Cristo Rey Orlando High School,crohs.instructure.com,,0
Criswell College,criswell.instructure.com,,0
Crofton House School - Vancouver,croftonhouse.instructure.com,,0
Cross County Community Schools,crosscountyschools.instructure.com,,0
Crossroads Christian Schools,crossroadsschool.instructure.com,,0
Crosstown High School,crosstownhigh.instructure.com,,0
Crowder College,crowder.instructure.com,,0
Crown College,crown.instructure.com,,0
Crucible Education,crucible.instructure.com,,0
CTK Healthcare and Career Institute,ctkhealthcare.instructure.com,,0
Cuesta College,cuesta.instructure.com,,0
Culinary Academy of Las Vegas,calv.instructure.com,,0
Culinary Institute LeNôtre,lenotre.instructure.com,,0
Culinary Institute of Barcelona,cib.instructure.com,,0
Culver City Unified- Teachers/Students/Admin,culver.instructure.com,,0
Culver-Stockton College,culver-stocktoncollege.instructure.com,,0
Cumberland University,cumberland.instructure.com,,0
Cummings Graduate Institute,cgi.instructure.com,,0
Curry College,curry.instructure.com,,0
Curtis Institute of Music Summerfest,curtis.instructure.com,,0
Cyanna Education Services,cyanna.instructure.com,,0
CyberTex Institute of Technology,cybertex.instructure.com,,0
Cypress College,cypresscollege.instructure.com,,0
Cypress College Prep,ajtutoring.instructure.com,,0
D'Youville College,dyc.instructure.com,,0
Da Vinci Schools,davincischools.instructure.com,,0
Dade Schools,dadeschools.instructure.com,,0
Dakota Wesleyan University,dwu.instructure.com,,0
Dallas International University,diu.instructure.com,,0
Danford College,danford.instructure.com,,0
Daoist Traditions College of Chinese Medical Arts,daoisttraditions.instructure.com,,0
Dar Al Bra'ah Schools مدارس دار البراءة,dab.instructure.com,,0
Darden School of Business,darden.instructure.com,,0
DAVE School,daveschool.instructure.com,,0
David Posnack Jewish Day School,posnackschool.instructure.com,,0
Davinci Academy,davinciacademy.instructure.com,,0
Davis Technical College,davistech.instructure.com,,0
Dawn Career Institute,mydawntraining.instructure.com,,0
De Anza College,deanza.instructure.com,,0
Dean College,dean.instructure.com,,0
Decatur County Community Schools,decaturco.instructure.com,,0
Deer Creek Schools,deercreekschools.instructure.com,,0
Deerfield Academy,deerfield.instructure.com,,0
DeKalb High School,dist428.instructure.com,,0
Del Mar College,delmar.instructure.com,,0
Delano Joint Union HS District,djuhsd.instructure.com,,0
DeLaSalle High School,delasalle.instructure.com,,0
Delaware Area Career Center,dacc.instructure.com,,0
Delaware College Scholars,delawarecollegescholars.instructure.com,,0
Delaware State University,dsuonline.instructure.com,,0
Delaware Valley University - DelVal,delval.instructure.com,,0
DelCampo School,delcampo.instructure.com,,0
Deltion College,deltion.instructure.com,,0
Deniliquin High School,deniliquin.instructure.com,,0
Denison University,denison.instructure.com,,0
Denver Christian School,denverchristian.instructure.com,,0
Denver College of Nursing,dcn.instructure.com,,0
Denver Seminary,densem.instructure.com,,0
Derwentside College,derwentside.instructure.com,,0
DeSales University,desales.instructure.com,,0
Desert Christian Academy,desertchristianacademy.instructure.com,,0
Design Academy Eindhoven,designacademy.instructure.com,,0
Design Institute of San Diego,id.instructure.com,,0
Design Tech High School,dtechhs.instructure.com,,0
Detroit Country Day School,dcds.instructure.com,,0
Devry University,devryu.instructure.com,,0
Dexter Community Schools,dexterschools.instructure.com,,0
Diamond Silk Entrepreneur University,dseu.instructure.com,,0
Digital Campus,digitalcampus.instructure.com,,0
Dillard University,dillard.instructure.com,,0
Dine College,dinecollege.instructure.com,,0
Diocese of Broken Bay - Catholic Schools Office - CSO,dbb-catholic.instructure.com,,0
Diocese of Lincoln Schools,cdol.instructure.com,,0
"Dionisio Romero University, Lima",dionisioromerouniversity.instructure.com,,0
District School Board of Pasco County,pasco.instructure.com,,0
Divine Mercy University,ipsciences.instructure.com,,0
Divine Mercy University - SDC,divinemercy.instructure.com,,0
Dixie Technical College,dixietech.instructure.com,,0
Djarragun College,djarragun.instructure.com,,0
DLSMHSI - De La Salle Medical and Health Sciences Institute,dlshsi.instructure.com,,0
DN Colleges Group - North Lindsey,don.instructure.com,,0
Doane University,doane.instructure.com,,0
Dominican University,dominicanu.instructure.com,,0
Dominican University of California,duoc.instructure.com,,0
Don Bosco Prep,donboscoprep.instructure.com,,0
Don Honorio Ventura State University,pampangastateu.instructure.com,,0
Dongguk University Los Angeles,dula.instructure.com,,0
Donnelly College,donnelly.instructure.com,,0
Doonside Technology High School,doonside-h.instructure.com,,0
Dordt College,dordt.instructure.com,,0
Douglas Education Center,dec.instructure.com,,0
Downtown Doral Charter Upper School,ddcus.instructure.com,,0
Dr. Ida Rolf Institute®,rolf.instructure.com,,0
Dr. Patel High School,patelhighschool.instructure.com,,0
Drew University,drew.instructure.com,,0
Drury University,drury.instructure.com,,0
Dual Bridges Academy,dualbridges.instructure.com,,0
Dubbo School of Distance Education,dsode.instructure.com,,0
Ducere Global Business School,ducere.instructure.com,,0
Duneland School,duneland.instructure.com,,0
Dunwoody College of Technology,dunwoody.instructure.com,,0
Duquesne University,duq.instructure.com,,0
Dynamic Education Consulting & Solutions,decsolutions.instructure.com,,0
E-Science Institute,escienceinstitute.instructure.com,,0
E. O. Smith High School,eosmith.instructure.com,,0
Eagle Gate College,eaglegatecollege.instructure.com,,0
Eagle Ridge High School,eagleridgehigh.instructure.com,,0
Early Light Academy,earlylightacademy.instructure.com,,0
East Asia Institute of Management,easb.instructure.com,,0
East Brunswick Schools,ebnet.instructure.com,,0
East Carolina University,ecu.instructure.com,,0
East Central Catholic School,eccs.instructure.com,,0
"East Central College-Union, MO-Manual Accounts",eastcentralcollege.instructure.com,,0
East Noble School Corporation,eastnoble.instructure.com,,0
East Region Adult Education,erae.instructure.com,,0
East Side Adult Education,eastsideae.instructure.com,,0
East Side Union High,esuhsd.instructure.com,,0
East Texas Baptist University,etbu.instructure.com,,0
East Texas Medical Center - School of EMS,schoolofems.instructure.com,,0
East Valley Institute of Technology,evit.instructure.com,,0
Eastern Arizona College,eac.instructure.com,,0
Eastern Florida State College,easternflorida.instructure.com,,0
Eastern International College,eicollege.instructure.com,,0
Eastern Kentucky University,eku.instructure.com,,0
Eastern Michigan University,emich.instructure.com,,0
Eastern New Mexico University - Portales,enmu.instructure.com,,0
Eastern New Mexico University - Roswell,enmuroswell.instructure.com,,0
Eastern New Mexico University - Ruidoso,enmuruidoso.instructure.com,,0
Eastern Oregon University,eou.instructure.com,,0
Eastern Wyoming College,ewc.instructure.com,,0
Eastern York Sd,eysd.instructure.com,,0
Eastleigh College,eastleighcollege.instructure.com,,0
Eastside Catholic School,eastsidecatholic.instructure.com,,0
Eastside Prep,eastsideprep.instructure.com,,0
Eastwick College,eastwick.instructure.com,,0
ECA College of Health Sciences,eca-health.instructure.com,,0
ECA Graduate Institute,egi.instructure.com,,0
ECPI University,ecpi.instructure.com,,0
Edgewood University,edgewood.instructure.com,,0
Edison School -Student,edisonlearning.instructure.com,,0
Edmonds College,edmonds.instructure.com,,0
EDP University of Puerto Rico,edpvirtual.instructure.com,,0
Educare Envision College of Nursing,e3educationalservices.instructure.com,,0
Education Advisory Board,eab.instructure.com,,0
Education Centre of Australia,eca.instructure.com,,0
Education Company,tecglobal.instructure.com,,0
Education Platform - Google,educationplatform.instructure.com,,0
Education to Career Network of North San Diego County,etcn.instructure.com,,0
Educational Assessments Corporation,educationalassessmentscorporation.instructure.com,,0
Educational Service Unit 2,esu2.instructure.com,,0
Educational Service Unit 8,esu8.instructure.com,,0
Educators Institute powered by NCGYO,ncgyo.instructure.com,,0
Edustria High School,edustria.instructure.com,,0
EDvance College,edvance.instructure.com,,0
Edward Waters University,ew.instructure.com,,0
EHG Campus,ehg.instructure.com,,0
EIG Business School,aula.eigvirtual.com,,0
El Camino College,elcamino.instructure.com,,0
El Camino Real Charter High School,ecrchs.instructure.com,,0
El Dorado County Office Of Education,edcoe.instructure.com,,0
EL Education,eleducation.instructure.com,,0
El Paso - Texas Tech University Health Sciences Center,ttuhscelpaso.instructure.com,,0
Elev8 Online Schools,l4lonline.instructure.com,,0
Elevare College,elevarecollege.instructure.com,,0
Elevate Academy KY Rank Change,kyrankchange.instructure.com,,0
Eleven Fifty Academy,elevenfifty.instructure.com,,0
Elite Academic Academy,eliteaa.instructure.com,,0
Elizabeth City - Pasquotank Schools,ecpps.instructure.com,,0
Elizabeth City State University,ecsu.instructure.com,,0
Elizabeth International Hotel Management School,elizabethinternational.instructure.com,,0
Elizabethton City Schools,ecschools.instructure.com,,0
Elizabethtown College,etown.instructure.com,,0
Elk Island Catholic Schools- Students/Teachers,eics.instructure.com,,0
Elkhart Community Schools,elkhart.instructure.com,,0
Elkin City Schools,ecs.instructure.com,,0
Ellicott Mills Middle,hcpss.instructure.com,,0
Ellie University,elliekilpatrick.instructure.com,,0
Elmbrook Schools,elmbrook.instructure.com,,0
Elmira College,elmira.instructure.com,,0
Elon University,elon.instructure.com,,0
Emanuel School,emanuel.instructure.com,,0
Embry Riddle Aeronautical University,erau.instructure.com,,0
Emerge Education,emergeedu.instructure.com,,0
Emerson College,emerson.instructure.com,,0
Emmanuel College,emmanuel.instructure.com,,0
Empower College Prep,empowercollegeprep.instructure.com,,0
ENAE Business School,enae.instructure.com,,0
Endeavour College SA,endeavour.instructure.com,,0
Engineering Education Australia,eea.instructure.com,,0
Eno River Academy,enoriveracademy.instructure.com,,0
Ensign College,ensign.instructure.com,,0
Ensign Peak Academy,ensignpeakacademy.instructure.com,,0
Entrepreneur Education,entrepreneur.instructure.com,,0
Envision Science Academy,envision.instructure.com,,0
Episcopal Academy,episcopalacademy.instructure.com,,0
Episcopal High School,episcopalhighschool.instructure.com,,0
Episcopal School of Baton Rouge,episcopalbr.instructure.com,,0
Equippers College,equipperscollege.instructure.com,,0
Erikson Institute,eriksoninstitute.instructure.com,,0
ESCA Ecole de Management,esca.instructure.com,,0
Escola Dinâmica,escoladinamica.instructure.com,,0
Escola Lourenço Castanho,lourencocastanho.instructure.com,,0
Escola Miro,escolamiro.instructure.com,,0
Escola Móbile,escolamobile.instructure.com,,0
Escondido Union High,euhsd.instructure.com,,0
Escuela de Artes Plásticas y Diseño,eapd.instructure.com,,0
Escuela de Escritores,edeonline.instructure.com,,0
ESE Business School,esebs.instructure.com,,0
ESIC Business & Marketing School,esic.instructure.com,,0
ESIC University,esicuniversity.instructure.com,,0
ESN Escola Superior de Educação e Negócios,esn.instructure.com,,0
Espiritu Santo Catholic School,escs.instructure.com,,0
Estacada Web Academy,ewa.instructure.com,,0
Estonian Business School,ebs.instructure.com,,0
Eugene Dupuch Law School EDLS,edls.instructure.com,,0
EUI - European University Institute,learning.eui.eu,,0
Eureka College,eureka.instructure.com,,0
Evangel Seminary,evs.instructure.com,,0
Evangelical Christian School,goecs.instructure.com,,0
Evansville Day School,evansvilledayschool.instructure.com,,0
Eve College,evecollege.instructure.com,,0
Evergreen Valley College,evc.instructure.com,,0
Evergreen Virtual Academy,smor.instructure.com,,0
Excel Academy,excelacademy.instructure.com,,0
Excelsior University,excelsior.instructure.com,,0
Excelsum School,excelsum.instructure.com,,0
Explorer Home School Academy,explorershomeschool.instructure.com,,0
Explorer Hop Academy,explorerhop.instructure.com,,0
F.I.R.S.T. Institute,first.instructure.com,,0
Facultad Libre de Derecho de Monterrey,fldm.instructure.com,,0
Fagskolen Aldring og helse,aldringoghelse.instructure.com,,0
Fagskolen i Nord,fagskoleninord.instructure.com,,0
Fagskolen Innlandet,finn.instructure.com,,0
Fagskolen Vestfold og Telemark,fagskolentelemark.instructure.com,,0
Fairbridge Education,fairbridge.instructure.com,,0
Fairfield Community Schools,fcsd.instructure.com,,0
Fairhill School,fairhill.instructure.com,,0
Faith Academy of Marble Falls,famf.instructure.com,,0
Faith Baptist Bible College & Theological Seminary,fbbcts.instructure.com,,0
Faith Christian School,faithlafayette.instructure.com,,0
Faith Evangelical College & Seminary,faith.instructure.com,,0
Faith Family Academy Of Oak Cliff,faithfamilyacademy.instructure.com,,0
Falk Laboratory School,falkschool.instructure.com,,0
Family Education,croel.instructure.com,,0
FAMU-FSU College of Engineering,famu-fsu-eng.instructure.com,,0
Far Eastern University - Pampanga,feupampanga.instructure.com,,0
Fashion Retail Academy,fashionretail.instructure.com,,0
Father Ryan High School,fatherryan.instructure.com,,0
Faulkner University,faulkner.instructure.com,,0
Fayetteville State University,uncfsu.instructure.com,,0
Feather River College,frc.instructure.com,,0
Fede's Academy,farbelaez.instructure.com,,0
Felbry College,felbry.instructure.com,,0
Ferris State University,ferris.instructure.com,,0
Findlay City Schools,findlaycityschools.instructure.com,,0
FINE Mortuary College,fmc.instructure.com,,0
Finishing Trade Institute of Upper Midwest,ftium.instructure.com,,0
Firelands Regional Medical Center School of Nursing,firelands.instructure.com,,0
First Nation Education,firstnationeducation.instructure.com,,0
Fisher College,fisher.instructure.com,,0
Fisk University,fisk.instructure.com,,0
Five Keys Schools and Programs,fivekeyscharter.instructure.com,,0
Five Towns College,fivetowns.instructure.com,,0
Fjellhaug International University College,fih.instructure.com,,0
Flagler College,flagler.instructure.com,,0
Flatiron School,learning.flatironschool.com,,0
Florence City Schools,fcs.instructure.com,,0
Florida Agriculture and Mechanical University,famu.instructure.com,,0
Florida Atlantic University,fau.instructure.com,,0
Florida College,floridacollege.instructure.com,,0
Florida Education Institute,fei.instructure.com,,0
Florida Gateway College,fgc.instructure.com,,0
Florida Gulf Coast University,fgcu.instructure.com,,0
Florida Gulf Coast University Innovate,fgcuinnovate.instructure.com,,0
Florida Institute of Technology,fit.instructure.com,,0
Florida Memorial University,fmu.instructure.com,,0
Florida Panhandle Technical College,fptc.instructure.com,,0
Florida Polytechnic,floridapolytechnic.instructure.com,,0
Florida Southern College,flsouthern.instructure.com,,0
Florida SouthWestern State College,fsw.instructure.com,,0
Florida SouthWestern State College CE,edisonce.instructure.com,,0
Florida State College at Jacksonville,fscj.instructure.com,,0
Florida State Fire College,floridastatefirecollege.instructure.com,,0
Florida Virtual Campus,flvc.instructure.com,,0
Florida Vocational Institute,fvi.instructure.com,,0
Fluvanna County Public School,fluco.instructure.com,,0
Fontbonne University,fontbonneuniversity.instructure.com,,0
Foothill College,foothillcollege.instructure.com,,0
Foothills Regional High School,foothillscharter.instructure.com,,0
Forsvarets høgskole,forsvaret.instructure.com,,0
Fort Lewis College,flc.instructure.com,,0
Foundation for Advanced Education in the Sciences,faes.instructure.com,,0
Four County Career Center,fourcounty.instructure.com,,0
Framingham State University,framingham.instructure.com,,0
Frances Xavier Warde School,fxw.instructure.com,,0
Franciscan University of Steubenville,franciscan.instructure.com,,0
Frankfurt International School,fis.instructure.com,,0
Frankfurt School,frankfurtschool.instructure.com,,0
Franklin Academy HS,franklinacademy.instructure.com,,0
Franklin and Marshall College,fandm.instructure.com,,0
Franklin College,franklincollege.instructure.com,,0
Franklin Pierce Schools,fpschools.instructure.com,,0
Franklin Pierce University,franklinpierce.instructure.com,,0
Franklin University Local,franklin.instructure.com,,0
Fraser Coast Anglican College,fcac.instructure.com,,0
Frayser Community Schools,fraysercs.instructure.com,,0
Fred Nicholson School,frednicholson.instructure.com,,0
Freed-Hardeman University,fhu.instructure.com,,0
Freedom Academy,freedomprep.instructure.com,,0
Freedom Classical Academy,fcanlv.instructure.com,,0
"Freedom College of Business, Healthcare, and Technology",freedomcollege-canada.instructure.com,,0
Freedom Project Education,fpeusa.instructure.com,,0
Fremont College,fremont.instructure.com,,0
Fremont Community Schools Student/Faculty,freemontcommunityschools.instructure.com,,0
Frenchtown Elementary School,fes.instructure.com,,0
Fresno City College,scccd.instructure.com,,0
Fresno Pacific University,fresno.instructure.com,,0
Friendship Public Charter Schools,friendshippcs.instructure.com,,0
Frontenac Schools,frontenac249.instructure.com,,0
Frontier Charter Academy,fca.instructure.com,,0
Frontier Nursing University,frontiernursing.instructure.com,,0
Frostburg State University,frostburg.instructure.com,,0
Fuller Theological Seminary,fuller.instructure.com,,0
Fullerton College,fullcoll.instructure.com,,0
Fullerton Elementary,myfsd.instructure.com,,0
Functional Medicine Coaching Academy,fmca.instructure.com,,0
Fundación Universidad Carlos III,uc3m.instructure.com,,0
Fundación Universidad Empresa - ZONA FUE,fue.instructure.com,,0
Fundación Universitaria Católica del Norte,fucn.instructure.com,,0
Fundación Universitaria CEIPA,ceipa.instructure.com,,0
Fuqua School of Business,fuqua.instructure.com,,0
Fusion Global Academy,fusion.instructure.com,,0
FutureFit Academy,bhp.instructure.com,,0
Gainesville City Schools,gcss.instructure.com,,0
Galala University,mygu.instructure.com,,0
Galloway School,gallowayschool.instructure.com,,0
Galt Adult School,galtas.instructure.com,,0
Galveston College,gc.instructure.com,,0
Gannon University,gannon.instructure.com,,0
Gardner-Webb University,gardnerwebb.instructure.com,,0
Garrett-Evangelical Theological Seminary,garrettets.instructure.com,,0
Gateway Seminary,gs.instructure.com,,0
Gather 'Round Homeschool Online Academy,gatherround.instructure.com,,0
Gavilan College,gavilan.instructure.com,,0
Gear Education,geareducation.instructure.com,,0
Geisinger Commonwealth School of Medicine,geisinger.instructure.com,,0
Gem Prep,gemprep.instructure.com,,0
Gen Z Cyber Academy,gen-z-cyber.instructure.com,,0
Genesis Innovation Academy,giacademy.instructure.com,,0
George Fox University,georgefox.instructure.com,,0
George School,georgeschool.instructure.com,,0
George Stevens Academy,georgestevensacademy.instructure.com,,0
George Washington Academy,gwacademy.instructure.com,,0
George Whitefield College,gwc.instructure.com,,0
Georgetown College,georgetowncollege.instructure.com,,0
Georgia Cyber Academy,georgiacyber.instructure.com,,0
Georgia Institute of Technology,gatech.instructure.com,,0
Georgia Military College,gmcusa.instructure.com,,0
Georgia State Schools,gastateschools.instructure.com,,0
Georgia State University (Robinson College of Business),robinsongsu.instructure.com,,0
Georgia Tech Professional Education,gtpe.instructure.com,,0
Georgia Virtual School,gavirtual.instructure.com,,0
Geraldton Christian College,geraldtonchristiancollege.instructure.com,,0
Gillette College,gillettecollege.instructure.com,,0
Gilman School,gilman.instructure.com,,0
Glasgow Clyde College,glasgowclyde.instructure.com,,0
Glendora Unified,glendora.instructure.com,,0
Glenwood High School,glenwoodhs.instructure.com,,0
Global Academy,globalacademy.instructure.com,,0
Global Online Academy,globalonlineacademy.instructure.com,,0
Global Open University,gou-mx.instructure.com,,0
Global School for Entrepreneurship,globalschool.instructure.com,,0
Global Town School,gts.instructure.com,,0
Globalskolen,globalskolen.instructure.com,,0
GOAL Digital Academy,gda.instructure.com,,0
Golden Gate University,ggu.instructure.com,,0
Golden Valley International School - GVS B groups - Costa Rica,gvsinternational.instructure.com,,0
Golden Valley Local School - GVS A groups - Costa Rica,gvslocal.instructure.com,,0
Goldey-Beacom College,gbcollege.instructure.com,,0
Goldfarb School of Nursing at Barnes Jewish College,bjc.instructure.com,,0
Golisano Institute for Business and Entrepreneurship,golisanoinstitute.instructure.com,,0
Gonzaga College High School,gonzaga.instructure.com,,0
Gonzales Adult School,gonzalesas.instructure.com,,0
Goochland Schools,goochlandschools.instructure.com,,0
Good Samaritan Colleges,goodsam.instructure.com,,0
Goodwin University,goodwin.instructure.com,,0
Gordon College,gordon.instructure.com,,0
Gordon-Conwell Theological Seminary,gordonconwell.instructure.com,,0
Gorokan High School,gorokanhs.instructure.com,,0
Goucher College,goucher.instructure.com,,0
Gould Academy,gouldacademy.instructure.com,,0
Grace Christian College,mygrace.instructure.com,,0
Grace Christian College Wodonga,gccw.instructure.com,,0
Grace College and Seminary,grace.instructure.com,,0
Grace School of Theology,gsot.instructure.com,,0
Graceland University,gracelanduniversity.instructure.com,,0
Graddings University,graddings.instructure.com,,0
Grafisch Lyceum Rotterdam,glr.instructure.com,,0
Grambling State University,grambling.instructure.com,,0
Granada Hills Charter,ghctk12.instructure.com,,0
Granville College,granville.instructure.com,,0
Gratz College,gratz.instructure.com,,0
Gray Stone Day School,graystone.instructure.com,,0
Grays Harbor College,ghc.instructure.com,,0
Grayson College,grayson.instructure.com,,0
Great Basin College,gbcnv.instructure.com,,0
Great Falls College MSU,gfcmsu.instructure.com,,0
Great Revelations Academy,greatrevelations.instructure.com,,0
Green Local Schools,glsd.instructure.com,,0
Greentree Preparatory Charter,greentreeprep.instructure.com,,0
Greenville City Schools,gcswave.instructure.com,,0
Greenville Presbyterian theological Seminary,gpts.instructure.com,,0
Greenwich Academy,greenwichacademy.instructure.com,,0
Greenwich Management College,gmc.instructure.com,,0
Grey High School,greyhighschool.instructure.com,,0
Grinnell College,grinnell.instructure.com,,0
Grossmont College,gcccd.instructure.com,,0
Groton School,groton.instructure.com,,0
Grove City Christian School,grovecitychristian.instructure.com,,0
Grundy Center Community Schools,gcspartans.instructure.com,,0
Guerin Catholic High School,guerincatholic.instructure.com,,0
Guilford College,guilfordcollege.instructure.com,,0
Gulf Coast State College,gcsc.instructure.com,,0
Gulf Shores City Schools,gsboe.instructure.com,,0
Gwinnett College,gwinnettcollege.instructure.com,,0
Gwynedd Mercy Academy High School,gmahs.instructure.com,,0
Gwynedd Mercy University,gmercyu.instructure.com,,0
H-Farm College,h-farmcollege.instructure.com,,0
Haarlem Campus,haarlem.instructure.com,,0
Habib University,hulms.instructure.com,,0
Hacienda La Puente Adult Education,hlpae.instructure.com,,0
Hacienda La Puente Unified,hlpschools.instructure.com,,0
Hallmark University,hallmarkuniversity.instructure.com,,0
Hamilton Community Schools - Michigan,hamiltonschools.instructure.com,,0
Hamilton County District of Education,hcde.instructure.com,,0
Hamilton Park Montessori School,hpms.instructure.com,,0
Hamilton Southeastern Schools,hse.instructure.com,,0
Hamline University,hamline.instructure.com,,0
Hampton City Schools Student and Teacher,hampton.instructure.com,,0
Hampton University,hamptonu.instructure.com,,0
Hannibal - LaGrange University,hlg.instructure.com,,0
Haque Academy,haqueacademy.instructure.com,,0
Hardin - Simmons University,hsutx.instructure.com,,0
Harding Academy of Memphis,hardingacademymemphis.instructure.com,,0
Harding University,harding.instructure.com,,0
Harmony Educational Services,harmonyed.instructure.com,,0
Harris-Stowe State University,hssu.instructure.com,,0
Harrisburg University of Science and Technology,harrisburgu.instructure.com,,0
Harrison College,harrison.instructure.com,,0
Harrisonburg City Schools,harrisonburg.instructure.com,,0
Hartlepool College,hartlepool.instructure.com,,0
Hartnell College,hartnell.instructure.com,,0
Harvard - Westlake School,hub.hw.com,,0
Harvard Business School,hbs.instructure.com,,0
Harvard Medical School,hms.instructure.com,,0
Harvey Mudd College,harveymuddcollege.instructure.com,,0
Hastings College,hastingscollege.instructure.com,,0
Haverford School,fords.instructure.com,,0
Havergal College,havergal.instructure.com,,0
Hawaiian Technology Academy,hta.instructure.com,,0
Hawken School,hawken.instructure.com,,0
Hawthorn Academy,hawthornacademy.instructure.com,,0
Hawthorne Math and Science Academy,hawthornemsa.instructure.com,,0
Hay Springs Public School,hsps.instructure.com,,0
Head-Royce School,headroyce.instructure.com,,0
Health and Harmony College,thriving.instructure.com,,0
Health Career Institute,hci.instructure.com,,0
Health Coaches Academy,learning.healthcoachesacademy.com,,0
Health Sciences High and Middle College,hshmc.instructure.com,,0
Heartland Community Schools,heartlandschools.instructure.com,,0
Heathdale Christian College,heathdale.instructure.com,,0
Hebrew Roots University,hebrewrootsuniversity.instructure.com,,0
Helena College University of Montana,helenacollege.instructure.com,,0
Helene Fuld College of Nursing,helenefuld.instructure.com,,0
Helix Charter High School,helix.instructure.com,,0
Hellenic College,hchc.instructure.com,,0
Helms College - Students and Instructors,helmscollege.instructure.com,,0
Henderson State University,henderson.instructure.com,,0
Herbert Wertheim College of Medicine,fiumedical.instructure.com,,0
Heritage Christian College,hcuc.instructure.com,,0
Heritage College Lake Macquarie,hclm.instructure.com,,0
Heritage College Perth,hcp.instructure.com,,0
Heritage E-STEM Magnet School Student - West St. Paul,isd197.instructure.com,,0
Heritage Valley Kennedy School of Nursing - HVK SON,heritagevalley.instructure.com,,0
Hernando Schools,hernandoschools.instructure.com,,0
Herzing University,herzing.instructure.com,,0
Hester Hornbrook Academy,hha.instructure.com,,0
High Point Christian Academy,hpcacougars.instructure.com,,0
High Road,highroad.instructure.com,,0
High School of Hospitality Management,hshmny.instructure.com,,0
High Tech Institute,hightechinstitute.instructure.com,,0
Higher Education Institute,hei.instructure.com,,0
Higher Education Leadership Group - hELI,heli.instructure.com,,0
Highlands Virtual School,hvs.instructure.com,,0
Hill Country Christian School Of Austin,hccsa.instructure.com,,0
Hillcrest Christian College,hillcrest.instructure.com,,0
Hilliard City Schools,hilliard.instructure.com,,0
Hillsboro Online Academy,hsdk12.instructure.com,,0
Hillsdale College,hillsdale.instructure.com,,0
Hillsong College,hillsong.instructure.com,,0
Hinton Community Schools,hintoncsd.instructure.com,,0
Hitachi Academy,hiac.instructure.com,,0
Holy Angel University,hau.instructure.com,,0
Holy Cross High School,holycross.instructure.com,,0
Holy Family University,holyfamily.instructure.com,,0
Holy Innocents Episcopal School,hies.instructure.com,,0
Holy Name University,holynameuniversity.instructure.com,,0
Holy Trinity School,hts.instructure.com,,0
Homestead Schools,homesteadschools.instructure.com,,0
HomeStem Academy,homestemacademy.instructure.com,,0
Hong Kong Academy for Performing Arts,hkapa.instructure.com,,0
Hong Kong Adventist Academy,hkaa.instructure.com,,0
Hong Kong Education City,hkedcity.instructure.com,,0
Hong Kong University of Science and Technology Guangzhou,hkust-gz.instructure.com,,0
Hood Theological Seminary,hoodseminary.instructure.com,,0
Hope Christian School,hopechristian.instructure.com,,0
Hope College,hope.instructure.com,,0
Hope International University,hiu.instructure.com,,0
Hopi Junior Senior High School,hjshs.instructure.com,,0
Horizon Christian School,horizon-sa.instructure.com,,0
Horizon: Digitally Enhanced Campus,okhorizon.instructure.com,,0
Hosei University - Hosei,hosei.instructure.com,,0
Hotchkiss School,hotchkiss.instructure.com,,0
HSLDA Online Academy,hslda.instructure.com,,0
Hudson Community Schools,hudsonpiratepride.instructure.com,,0
Hudson Institute,hudson.instructure.com,,0
Hull College Group,hcuk.instructure.com,,0
Hult Business School,hult.instructure.com,,0
Humanitas Bilingual School Torrejón [HBS Torrejón],humanitastorrejon.instructure.com,,0
Humanitas Bilingual School Tres Cantos [HBS Tres Cantos],humanitastrescantos.instructure.com,,0
Hunter Christian School,hunterchristian.instructure.com,,0
Hunter River High School,hunterriver.instructure.com,,0
Hunter School of Performing Arts,hspa.instructure.com,,0
Hunter Sports High School,hshs.instructure.com,,0
Huntingdon College,huntingdon.instructure.com,,0
Huntington County Community School Corporation,hccsc.instructure.com,,0
Huntsville City Schools,huntsvillecityschools.instructure.com,,0
Husson University,husson.instructure.com,,0
Hyles-Anderson College,hylesanderson.instructure.com,,0
Hólar University,holar.instructure.com,,0
Høyskolen Kristiania,kristiania.instructure.com,,0
IBA International Business Academy,iba.instructure.com,,0
IBGC - Instituto Brasileiro de Governanca Corporativa,ibgc.instructure.com,,0
ICL Business School,icled.instructure.com,,0
Idaho College of Osteopathic Medicine,icom.instructure.com,,0
Idaho Distance Education Academy,idahoidea.instructure.com,,0
Idaho Medical Academy,ima.instructure.com,,0
Idaho State University,isu.instructure.com,,0
IDEA Leadership and Management Institute,ideaed.instructure.com,,0
Ideal Institute of Technology,iitnj.instructure.com,,0
IEST Anáhuac - Instituto de Estudios Superiores de Tamaulipas,iest.instructure.com,,0
IFAW - Academy of Rescue and Conservation,ifaw-arc.instructure.com,,0
iGlobal University,igu.instructure.com,,0
Ignite Academy -UT- Teachers/Students,igniteacademy.instructure.com,,0
Ikon Institute of Australia,ikon.instructure.com,,0
Iliff School of Theology,iliff.instructure.com,,0
Illinois Central College,icc.instructure.com,,0
Illinois Institute of Nursing Sudies,illinoisinstituteofnursingstudies.instructure.com,,0
Imagine Education Australia,imagineeducation.instructure.com,,0
Imagine Preparatory At Superstition Middle,imaginesuperstitionmiddle.instructure.com,,0
IMD Business School,imd.instructure.com,,0
Immaculate Heart of Mary Catholic School,cetas.instructure.com,,0
Imperial Valley College,imperial.instructure.com,,0
INALDE Business School,inalde.instructure.com,,0
INCAE Business School,incae.instructure.com,,0
Incarnate Word Academy,iwacademy.instructure.com,,0
Incarnation Catholic School,icstampa.instructure.com,,0
Indian River State College - Canvas Local Authentication,irsc.instructure.com,,0
Indiana State University,indstate.instructure.com,,0
Indiana University,iu.instructure.com,,0
Industri Education,industri.instructure.com,,0
Infinite Education - OPEC College,infiniteeducation.instructure.com,,0
Inha Technical College - INHATC,inhatc.instructure.com,,0
Inje University,inje.instructure.com,,0
Inkster Preparatory Academy,accelschoolsonlinemi.instructure.com,,0
Innovation Montessori,imo.instructure.com,,0
Innovation Montessori High School,imhs.instructure.com,,0
Insight Academy - Australia,insightacademy-au.instructure.com,,0
Inspired Education Group,canvas.inspirededucationschools.com,,0
Inspired Online Schools,weyeducation.instructure.com,,0
Institut Lyfe,institutlyfe.instructure.com,,0
Institut Paul Bocuse,institutpaulbocuse.instructure.com,,0
Institute for Adult,learningspacesg.instructure.com,,0
Institute for Community Inclusion,ici.instructure.com,,0
Institute for Doctoral Studies in the Visual Arts,idsva.instructure.com,,0
Institute for Multi-Sensory Education,imse.instructure.com,,0
Institute of American Indian and Alaska Native Culture,iaia.instructure.com,,0
Institute of Health & Management,ihm.instructure.com,,0
Institute of Health and Nursing Australia,ihna.instructure.com,,0
Institute of Industrial and Systems Engineers,iise.instructure.com,,0
Institute of Internal Communications,ioic.instructure.com,,0
Institute of Police Technology and Management,iptm.instructure.com,,0
Institute of Preventive Medicine Thailand,ipmddc.instructure.com,,0
Instituto Alestra,institutoalestra.instructure.com,,0
Instituto Bilingue Las Naciones,institutobilinguelasnaciones.instructure.com,,0
Instituto Carrión,acarrion.instructure.com,,0
Instituto de Directores de Chile - IdDC,aulaiddc.instructure.com,,0
Instituto de Emprendedores,institutodeemprendedores.instructure.com,,0
Instituto Epicentro,epicentro.instructure.com,,0
Instituto Irlandés de Nuevo Laredo,irlandesnuevolaredo.instructure.com,,0
Instituto México de Toluca,prepamarista.instructure.com,,0
Instituto para la calidad PUCP,institutoparalacalidad.instructure.com,,0
Instituto Profesional Virginio Gomez,virginiogomez.instructure.com,,0
Instituto Universitario del Iberá,unibera.instructure.com,,0
IntelliTec College,intellitec.instructure.com,,0
Interior Designers Institute,idi.instructure.com,,0
Interlochen Arts Academy,interlochen.instructure.com,,0
International Business University,ibu.instructure.com,,0
International Center for Captive Insurance Education,iccie.instructure.com,,0
International College of Health Sciences,ichs.instructure.com,,0
International Graduate School of Leadership,igsl.instructure.com,,0
International Grammar School,igssyd.instructure.com,,0
International Institute of Orthotics & Prosthetics,iiop.instructure.com,,0
International School Leadership,ischoolleadership.instructure.com,,0
International School of Colour+ Design,iscd.instructure.com,,0
International Schooling,internationalschooling.instructure.com,,0
INTI International University and Colleges,newinti.instructure.com,,0
Invictus Education Group,invictus.instructure.com,,0
Iowa City Community Schools,iowacityschools.instructure.com,,0
Iowa State University - Master Gardener,iastate.instructure.com,,0
Iowa Wesleyan University,iowacconline.instructure.com,,0
IPADE Business School,ipade.instructure.com,,0
Iredell Statesville Schools,iss.instructure.com,,0
Irish Management Institute,imi-trial.instructure.com,,0
Isaac Newton Christian Academy,inca.instructure.com,,0
ISDB - Idaho School for the Deaf and the Blind,iesdb.instructure.com,,0
Isle of Wight College,iwcollege.instructure.com,,0
ISR University,isruniversity.instructure.com,,0
ISSA College of Exercise Science,lionel.instructure.com,,0
Istanbul International School,istanbulint.instructure.com,,0
ITAM - Instituto Tecnológico Autónomo de México,itam.instructure.com,,0
Ithaca College,ithaca.instructure.com,,0
Itineris Early College High School,iechs.instructure.com,,0
iUniversity Prep - Students and Professors,iuniversityprep.instructure.com,,0
Ivey Business School,ivey.instructure.com,,0
IYRS School of Technology & Trades,iyrs.instructure.com,,0
Jackson College,jacksoncollege.instructure.com,,0
Jackson County School System - Classified,jackson.instructure.com,,0
Jackson State University,jsums.instructure.com,,0
Jacksonville State University,jsu.instructure.com,,0
James Faulkner Elementary School,sau24.instructure.com,,0
Jamestown Business College,jbc.instructure.com,,0
Jarvis Christian University,jarvis.instructure.com,,0
Jefferson College,jeffco.instructure.com,,0
Jefferson University; Thomas Jefferson University,jefferson.instructure.com,,0
Jenson University,nickjenson.instructure.com,,0
Jerrabomberra High School,jerrabomberra.instructure.com,,0
Jersey College,jerseycollege.instructure.com,,0
Jessup University,jessup.instructure.com,,0
Jewish Theological Seminary of America,jtsa.instructure.com,,0
Jinling High School,jlhs.instructure.com,,0
John Adams Academy,jaa.instructure.com,,0
John Burroughs School,jburroughs.instructure.com,,0
John Calvin School Albany,jcsa.instructure.com,,0
JOHN CARROLL HIGH SCHOOL,johncarroll.instructure.com,,0
John Edmondson High School,jedmondson.instructure.com,,0
John Monash Science School,jmss.instructure.com,,0
John Muir Charter Schools,jmcs.instructure.com,,0
John S. Burke Catholic HS,burkecatholic.instructure.com,,0
Johnson C Smith University,jcsu.instructure.com,,0
Johnson City Schools,jcschools.instructure.com,,0
Joliet Junior College,jjc.instructure.com,,0
Jones County Junior College,jcjc.instructure.com,,0
Joplin Schools,joplinschools.instructure.com,,0
Joyce University,joyce.instructure.com,,0
JPMC College of Health Sciences,jchs-feu.instructure.com,,0
Judicial College of Maryland,mdcourts.instructure.com,,0
Juilliard School,juilliard.instructure.com,,0
Juniata College,juniata.instructure.com,,0
Jurupa Unified,jurupausd.instructure.com,,0
Jönköping University,ju.instructure.com,,0
Kaiser Permanente Northern California Rehab Services Education,kpncalrse.instructure.com,,0
Kamehameha Schools,kamehameha.instructure.com,,0
Kang Chiao International School,kcislk.instructure.com,,0
Kannapolis City Schools,kcs.instructure.com,,0
Kansas State University,k-state.instructure.com,,0
Kansas State University Professional and Lifelong,noncreditksu.instructure.com,,0
Kansas Wesleyan University,kwu.instructure.com,,0
Karlafornia State University,karlasison.instructure.com,,0
Kaskaskia College,kaskaskiacollege.instructure.com,,0
Kathford International College of Engineering and Management,kathford.instructure.com,,0
KDU University College Penang,kdupg.instructure.com,,0
Kean University,kean.instructure.com,,0
Keck School of Medicine of USC,uscpublichealth.instructure.com,,0
Keele University,keele.instructure.com,,0
Keene State College,keene.instructure.com,,0
Kenan-Flagler Business School,kenan-flagler.instructure.com,,0
Kennedy Catholic High School,kennedycatholic.instructure.com,,0
Kennedy Krieger Institute,kennedykrieger.instructure.com,,0
Kennedy University of Leadership,kennedyu.instructure.com,,0
Kent Denver School,kentdenver.instructure.com,,0
Kent School,kentschool.instructure.com,,0
Kent State University,kent.instructure.com,,0
Kentucky Realtor Institute,kyrealtorinstitute.instructure.com,,0
Kentucky State University,kysu.instructure.com,,0
Kepler Space Institute,ksi.instructure.com,,0
Kettering College,kc.instructure.com,,0
Key Institute,keyinstitute.instructure.com,,0
KEYS - Kingdom Education for Young Scholars,keysofva.instructure.com,,0
Keys Schools,monroek12.instructure.com,,0
Keystone International Schools,keystone.instructure.com,,0
Keystone School,keystoneschool.instructure.com,,0
Khan Lab School,kls.instructure.com,,0
Killarney Heights High School,khhs.instructure.com,,0
Kilns College,kilnscollege.instructure.com,,0
Kinesio University,kinesio.instructure.com,,0
King Alfred School,kingalfred.instructure.com,,0
King University Faculty/Staff,king.instructure.com,,0
Kingdom Bible University,kingdombible.instructure.com,,0
Kingdom Collegiate Academies,ocbfchurch.instructure.com,,0
Kingdom University,kingdomuniversity.instructure.com,,0
Kingdomcity School,kingdomcityschool.instructure.com,,0
Kings County Office Of Education,kingscoe.instructure.com,,0
Kingsport City Schools,kingsport.instructure.com,,0
Kingsville Advanced Schools System,kingsvillephilippines.instructure.com,,0
Kingsway Christian College,kingsway.instructure.com,,0
Kingswood University,kingswooduniversity.instructure.com,,0
Kingswood University Catalogue,kingswoodcatalogue.instructure.com,,0
King’s Academy - AlKhazneh,alkhazneh.instructure.com,,0
King’s College,canvas.inspirededu.com,,0
KIPP Delta School System,arhosted.instructure.com,,0
Kirana Education,kirana.instructure.com,,0
Kisubi Schools,learn.kisubischools.org,,0
Klamath Falls City Schools,kfalls.instructure.com,,0
KLC International Institute [智源教育学院],klcii.instructure.com,,0
Knox Grammar School,knoxcurate.instructure.com,,0
Knoxville Catholic High School,knoxvillecatholic.instructure.com,,0
Kokomo School Corporation,kokomoschools.instructure.com,,0
Kold College,kold.instructure.com,,0
Kooringal High School,khs.instructure.com,,0
Kotara High School,kotarahs.instructure.com,,0
Kristianstad University,hkr.instructure.com,,0
Kristin School,kristin.instructure.com,,0
"KVS, ETKO, Kulkuri, Nomadskolan",kvs.instructure.com,,0
La Concepcion College,laconcepcioncollege.instructure.com,,0
La Roche College,laroche.instructure.com,,0
La Salle University,lasalle.instructure.com,,0
La Salle University - Ozamiz,lsu.instructure.com,,0
Lackawanna College Mobile,lackawanna.instructure.com,,0
Lafayette School Corporation,lsc.instructure.com,,0
Laguna College of Art and Design,lcad.instructure.com,,0
Lake Castle Private School New Orleans,lcnola.instructure.com,,0
Lake Castle Slidell Private School,lakecastleslidell.instructure.com,,0
Lake Center Christian School,lcchristian.instructure.com,,0
Lake Country Christian School,lccs.instructure.com,,0
Lake Elsinore Unified-Teachers/Students,leusd.instructure.com,,0
Lake Forest Academy,lfa.instructure.com,,0
Lake Forest College,lakeforestcollege.instructure.com,,0
Lake Forest Graduate School of Management,lfgsm.instructure.com,,0
Lake Highland Preparatory School,lhps.instructure.com,,0
Lake Land College,lakeland.instructure.com,,0
Lake Local Schools,lakelocal.instructure.com,,0
Lake Michigan College,lmc.instructure.com,,0
Lake Oconee Academy,loa.instructure.com,,0
Lake Technical College,laketech.instructure.com,,0
Lake Washington Institute of Technology,lwtech.instructure.com,,0
Lake Zurich Community Unit SD 95,lz95.instructure.com,,0
Lake-Sumter State College,lssc.instructure.com,,0
Lakeland Jr.-Sr. High School,lakelandsdpa.instructure.com,,0
Lakes College,lakescollege.instructure.com,,0
Lambton High School,lambtonhs.instructure.com,,0
Lamphere Schools,lamphereschools.instructure.com,,0
Lancaster Country Day School,lcds.instructure.com,,0
Land Bountiful School,lbschool.instructure.com,,0
Land School,landschool.instructure.com,,0
Landmark College,landmark.instructure.com,,0
Landmark School,landmarkschool.instructure.com,,0
Landon School,landonschool.instructure.com,,0
Langston University,langston.instructure.com,,0
Larkin School of Nursing,lsn.instructure.com,,0
Las Montanas Charter High School,lasmontanashigh.instructure.com,,0
Las Positas College,clpccd.instructure.com,,0
Latin American School,latin.instructure.com,,0
Latin School of Chicago,latinschool.instructure.com,,0
Laurel Institute,laurel.instructure.com,,0
Laurus College,lauruscollege.instructure.com,,0
Lawrence Technological University,lawrencetech.instructure.com,,0
Lawrence University,lawrence.instructure.com,,0
Le Grand Union High School,lghs.instructure.com,,0
Le Moyne College,lemoyne.instructure.com,,0
Leadership Academy of Nevada,lanv.instructure.com,,0
Leadership Institute - DET External,leadershipinstitute.instructure.com,,0
Leake Academy,leakeacademy.instructure.com,,0
Learning Gate Community School,learninggate.instructure.com,,0
Leaves Institute,leaves.instructure.com,,0
Lebanon Community School Corporation - Parent/Guardian Indiana,lebanon.instructure.com,,0
Lebanon Community Schools,lebanonk12.instructure.com,,0
Lebanon Valley College,lvc.instructure.com,,0
Lee Christian School,leechristian.instructure.com,,0
Leech Lake Tribal College,lltc.instructure.com,,0
Legacy Education,legacytrcc.instructure.com,,0
Legacy Preparatory Academy,legacyprep.instructure.com,,0
Legend College Prep,legendcp.instructure.com,,0
Lehigh University - Vistex Institute,lehigh.instructure.com,,0
LeMoyne-Owen College,loc.instructure.com,,0
Lennox Academy,lmsta.instructure.com,,0
Lenoir City Schools,lenoircityschools.instructure.com,,0
Leo Baeck College,lbc.instructure.com,,0
Lethbridge Polytechnic,lethbridge.instructure.com,,0
Lewis & Clark Law School,lclarkonline.instructure.com,,0
Lexington Theological Seminary,lextheo.instructure.com,,0
Liberty Christian School,libertychristian.instructure.com,,0
Liberty County High School,lcsb.instructure.com,,0
Liberty Ranch High School,galt.instructure.com,,0
Liberty Union High,luhsd.instructure.com,,0
Liberty University - CASAS,libertyce.instructure.com,,0
Liberty University Online Academy,luoa.instructure.com,,0
Liberty University Open Course,luoc.instructure.com,,0
Life Academy International,lifeacademy.instructure.com,,0
Life Pacific University,lpu.instructure.com,,0
Life Schools || Students & Staff,lifeschools.instructure.com,,0
Life Skills HS - Cincinnati,lifeskillshs-cincinnati.instructure.com,,0
Life Skills HS - Cleveland,lifeskillshs-cleveland.instructure.com,,0
Life Skills HS - Colorado Springs,lifeskillshs-springs.instructure.com,,0
Life Skills HS - Columbus North,lifeskillshs-columbusn.instructure.com,,0
Life Skills HS - Columbus Southeast,lifeskillshs-columbusse.instructure.com,,0
Life Skills HS - Dayton,lifeskillshs-dayton.instructure.com,,0
Life Skills HS - Elyria,lifeskillshs-elyria.instructure.com,,0
Life Skills HS - North Akron,lifeskillshs-nakron.instructure.com,,0
Life Skills HS - Northeast Ohio,lifeskillshs-northeast.instructure.com,,0
Life Skills HS - Phoenix,lifeskillshs-phoenix.instructure.com,,0
Life Skills HS - Toledo,lifeskillshs-toledo.instructure.com,,0
Life Skills HS - Youngstown,lifeskillshs-youngstown.instructure.com,,0
Lighthouse Christian Academy - Parent and Guardian,mylca.instructure.com,,0
Lighthouse Christian University,lcu.instructure.com,,0
LIGS University,ligsuniversity.instructure.com,,0
LIM College,limcollege.instructure.com,,0
Limestone University,limestone.instructure.com,,0
Lincoln Academy,la.instructure.com,,0
Lincoln Charter,lincolncharter.instructure.com,,0
Lincoln College,lcg.instructure.com,,0
Lincoln Institute of Land Policy,lincolninst.instructure.com,,0
Lincoln Law School of San Jose,llawsj.instructure.com,,0
Lincoln Memorial University,lmunet.instructure.com,,0
Lincoln Technical Institute,lincolnedu.instructure.com,,0
Lincoln University,lincoln.instructure.com,,0
Lincoln University Oakland,lincolnuca.instructure.com,,0
Lincoln University of Pennsylvania,lincolnu.instructure.com,,0
Lindbergh Schools,lindbergh.instructure.com,,0
Lindenwood University,lindenwood.instructure.com,,0
Lindenwood University Accelerated,ancoraeducation.instructure.com,,0
Lindsey Wilson College,lindsey.instructure.com,,0
Lingnan University,ln.instructure.com,,0
Link School,linkschool.instructure.com,,0
Linköpings universitet - Medfak,liu-se.instructure.com,,0
Linnaeus University,lnu-ftk.instructure.com,,0
Linwood Holton Governor's School,hgs.instructure.com,,0
Lipscomb University,lipscomb.instructure.com,,0
Little Priest Tribal College,littlepriest.instructure.com,,0
Liverpool John Moores University,ljmu.instructure.com,,0
Living Education Academy,livingeducationacademy.instructure.com,,0
Logan University,logan.instructure.com,,0
Lojic Institute,lojic.instructure.com,,0
Loma Linda Academy,lomalinda.instructure.com,,0
Loma Linda University,llu.instructure.com,,0
London Interdisciplinary School,lisuk.instructure.com,,0
London Metropolitan University,lmu.instructure.com,,0
London School of Management Education,lsme.instructure.com,,0
Long Beach City College,lbcc.instructure.com,,0
Longwood University,longwood.instructure.com,,0
Lorain County JVS - Adult Career Center,lcjvs.instructure.com,,0
Lorenzo Walker Technical College,lwtc.instructure.com,,0
Loreto College Coorparoo,loreto.instructure.com,,0
Los Angeles College of Music,lacm.instructure.com,,0
Los Angeles County Office Of Education,lacoeschools.instructure.com,,0
Los Angeles Harbor College,ilearn.instructure.com,,0
Los Lunas Schools,llschools.instructure.com,,0
Loudoun County Public School,loudk12.instructure.com,,0
Louisiana Christian University,lacollege.instructure.com,,0
Louisville Collegiate School,louisvillecollegiate.instructure.com,,0
Louisville Presbyterian Theological Seminary,lpts.instructure.com,,0
Lourdes University,lourdes.instructure.com,,0
Lourens Van Staden Institute,lvsif.instructure.com,,0
Lovett School,lovett.instructure.com,,0
Lovington Municipal Schools,lovingtonschools.instructure.com,,0
Lovisenberg Diakonale Hogskole,ldh.instructure.com,,0
Lower Columbia College,lcc.instructure.com,,0
Loyalist College,loyalistcollege.instructure.com,,0
Loyola High School of Los Angeles,loyolahs.instructure.com,,0
Loyola School of Don Carlos,lsdci.instructure.com,,0
Loyola University New Orleans,loyno.instructure.com,,0
LPS 53 Summer School,lpssummer.instructure.com,,0
LSEC - London South East Colleges,lsec.instructure.com,,0
Lumen Scholar Institute,lumenscholar.instructure.com,,0
Lunex University,lunex.instructure.com,,0
Lutheran High North,lutheranhighnorth.instructure.com,,0
Lutheran High School of St. Charles County,lhssc.instructure.com,,0
Lutheran High School-Parker,lhsparker.instructure.com,,0
Lutheran South Academy,lutheransouthacademy.instructure.com,,0
Luxembourg School of Business,lsb.instructure.com,,0
LW Pharmacy School,lwpschool.instructure.com,,0
Lynchburg City Schools,lcsva.instructure.com,,0
Lynn University,lynn.instructure.com,,0
Lynwood Community Adult School,lynwood.instructure.com,,0
Lyon Institute,lyon.instructure.com,,0
Lyons Township High School Dist. 204,lyons204.instructure.com,,0
Lärande Grundskola Realgymnasiet,larande.instructure.com,,0
M. NARIKBAYEV KAZGUU UNIVERSITY,kazguu.instructure.com,,0
Maching Learning University - Amazon,mlu.instructure.com,,0
MACU - Mid-America Christian University,macu.instructure.com,,0
Madera Unified,maderaunified.instructure.com,,0
Madison Academy,macademy.instructure.com,,0
Madison Creative Arts Academy,mcaa.instructure.com,,0
Magen David Yeshivah,magendavidyeshivah.instructure.com,,0
Magnolia Heights Schools,magnoliaheights.instructure.com,,0
Maharishi International University,miuonline.instructure.com,,0
Maine College of Art,meca.instructure.com,,0
Maine College of Health Professions,mchp.instructure.com,,0
Maine Maritime Academy,mma.instructure.com,,0
Maitland High School,maitland.instructure.com,,0
Malmö universitet,mau.instructure.com,,0
Malvern Prep,malvernprep.instructure.com,,0
Management Development Institute,mdig.instructure.com,,0
Manara School,manaraschool.instructure.com,,0
Manassas Park City Schools,mpcs.instructure.com,,0
Manatee Technical College,manateetech.instructure.com,,0
Manchester University,manchester.instructure.com,,0
Manhattan Area Technical College,manhattantech.instructure.com,,0
Manhattan School of Computer Technology,manhattanschool.instructure.com,,0
Manhattan School of Music,msmnyc.instructure.com,,0
Mannheim Business School,mannheim.instructure.com,,0
Manor College,manor.instructure.com,,0
Maple Leaf Education Systems,mapleleafschools.instructure.com,,0
Maple Valley Public School,maplevalley.instructure.com,,0
Maranatha Christian Academy,maranathacaclassrooms.instructure.com,,0
Maret School,maret.instructure.com,,0
Maria Montessori - Utah,mmalions.instructure.com,,0
Marian High School,marianhs.instructure.com,,0
Marian University,marian.instructure.com,,0
Marie Cederschiöld Högskola,mchs.instructure.com,,0
Marietta College Open Enrollment,marietta.instructure.com,,0
Marin Academy,marinacademy.instructure.com,,0
Marist College Canberra,maristc.instructure.com,,0
Marist High School,marist.instructure.com,,0
marketing institute of singapore,mis.instructure.com,,0
MarkPlus Institute,markplusinstitute.instructure.com,,0
Martin University,martinuniversity.instructure.com,,0
Martinez Adult Education,mae.instructure.com,,0
Mary Baldwin University,marybaldwin.instructure.com,,0
MARY HELP OF CHRISTIANS CATHOLIC SCHOOL,mhocschool.instructure.com,,0
Mary Institute County Day School,micds.instructure.com,,0
Maryland Institute College of Art,mica.instructure.com,,0
Maryland School for the Deaf,msdcf.instructure.com,,0
Marymount University,marymount.instructure.com,,0
Maryville University of Saint Louis,maryville.instructure.com,,0
Massachusetts College of Liberal Arts,mcla.instructure.com,,0
MAST Academy,mastacademy.instructure.com,,0
Match Charter Public School,match.instructure.com,,0
Mater Christi College,materchristi.instructure.com,,0
Mater Dei Catholic College Wagga Wagga,mdccww.instructure.com,,0
Mater Dei High School,materdei.instructure.com,,0
MAUA - Instituto Mauá de Tecnologia,imt.instructure.com,,0
Max District University,mgertz.instructure.com,,0
Max Mirafuentes Academy,maxmirafuentes.instructure.com,,0
MCAD - Minneapolis College of Art and Design,mcad.instructure.com,,0
MCC Sunday School,mccss.instructure.com,,0
McGeorge School of Law,mcgeorge.instructure.com,,0
McGill-Toolen Catholic High School,mct.instructure.com,,0
McHenry County College,mchenry.instructure.com,,0
McMurry University,mymcm.instructure.com,,0
McNeese State University,mcneese.instructure.com,,0
McNicholas High School,mcnicholas.instructure.com,,0
Medical Career College,medicalcareercollege.instructure.com,,0
Medical College of Wisconsin Family Medicine,mcw-dfcm.instructure.com,,0
Medix College,medixcollege.instructure.com,,0
Melbourne Archdiocese Catholic Schools,macslearn.instructure.com,,0
Melbourne Business School,mbsedu.instructure.com,,0
Melbourne Grammar School,mgs.instructure.com,,0
Melbourne Institute of Higher Education,mihe.instructure.com,,0
Melbourne School of Theology,mst-eca.instructure.com,,0
Melissa High School,melissaisd.instructure.com,,0
Melmark New England School,melmark.instructure.com,,0
Melonba High School,melonbahigh.instructure.com,,0
Melton Christian College,mcc.instructure.com,,0
Memphis Theological Seminary,memphisseminary.instructure.com,,0
Memphis Virtual Schools,memphisvirtual.instructure.com,,0
Menaul School,menaul.instructure.com,,0
Mendocino College,mendocino.instructure.com,,0
Menlo College,menlocollege.instructure.com,,0
Mentone Grammar,mentone.instructure.com,,0
Menzies Institute of Technology,menzies.instructure.com,,0
Merced College,mccd.instructure.com,,0
Mercer County Career Center,mccc.instructure.com,,0
Mercer School of Interior Design,mercer.instructure.com,,0
Mercer University,merceru.instructure.com,,0
Mercy College of Health Sciences,mercychs.instructure.com,,0
Mercy College of Ohio,mercycollege.instructure.com,,0
Mercy High School - Omaha,mercyhigh.instructure.com,,0
Mercy in Action College of Midwifery,mercycollegeofmidwifery.instructure.com,,0
Merewether High School,merewetherhs.instructure.com,,0
Meridian Institute of Surgical Assisting,meridian-institute.instructure.com,,0
Merion Mercy Academy,merionmercy.instructure.com,,0
Merit Academy,meritacademy.instructure.com,,0
Mesa Adult Education,mesa.instructure.com,,0
Messiah University,messiah.instructure.com,,0
Messmer High School,messmerhigh.instructure.com,,0
MetFilm School,metfilmschool.instructure.com,,0
Method Schools,smartfox.instructure.com,,0
Methodist University,methodist.instructure.com,,0
Metro East Web Academy,mewebacademy.instructure.com,,0
Metro Virtual Academy,metrovirtualacademy.instructure.com,,0
Mexican American Catholic College,maccsa.instructure.com,,0
MF Norwegian School of Theology,mf.instructure.com,,0
Miami University,miamioh.instructure.com,,0
MICE K12,mice.instructure.com,,0
Michigan Islamic Academy,mia.instructure.com,,0
Michigan Online School,yourschoolonlinemi.instructure.com,,0
Michigan Technological University,mtu.instructure.com,,0
Mid-Pacific Institute,thecenter.instructure.com,,0
MidAmerica Nazarene University,mnu.instructure.com,,0
Middle Tennessee State University,mtsu.instructure.com,,0
Middle Years Literacy and Numeracy Support,mylns.instructure.com,,0
Middlesbrough College,mbro.instructure.com,,0
Middlesex College,middlesexcc.instructure.com,,0
Midland College,midland.instructure.com,,0
Midland University,midlandu.instructure.com,,0
Midway Colleges,midwaycolleges.instructure.com,,0
Midway University,midway.instructure.com,,0
Midwestern Baptist Theological Seminary,mbts.instructure.com,,0
Midwestern University,midwestern.instructure.com,,0
Midwives College of Utah,midwifery.instructure.com,,0
Mile High Early,milehighearlylearning.instructure.com,,0
Miles College,miles.instructure.com,,0
Milestone Institute,milestone.instructure.com,,0
Military Child Education Coalition,militarychild.instructure.com,,0
Milligan College,milligan.instructure.com,,0
Millington Municipal Schools,millingtonschools.instructure.com,,0
Mills College,mills.instructure.com,,0
Mills-Peninsula School of Diagnostic Imaging,mpmcdiagnosticimagingschool.instructure.com,,0
Milton Hershey School,mhs-pa.instructure.com,,0
Milwaukee School of Engineering,msoe.instructure.com,,0
Minerva University,minerva.instructure.com,,0
Minerva Virtual Academy,minervavirtual.instructure.com,,0
Minh Viet Academy,minhviet.instructure.com,,0
MiraCosta College,miracosta.instructure.com,,0
Miriam College,miriamlead.instructure.com,,0
Mises Institute,mises.instructure.com,,0
Mishkah University,mishkahu.instructure.com,,0
Miskatonic University,danielguillot.instructure.com,,0
Miss Porter's School,porters.instructure.com,,0
Mission Basilica School,mbssjc.instructure.com,,0
Mission College Preparatory Catholic High School,missionprep.instructure.com,,0
Mission III Academy,mission3academy.instructure.com,,0
Mississippi Association of Independent Schools,msais.instructure.com,,0
Mississippi College,mississippicollege.instructure.com,,0
Mississippi School for Mathematics and Science,themsms.instructure.com,,0
Mississippi School of the Arts,msabrookhaven.instructure.com,,0
Mississippi University for Women,muw.instructure.com,,0
Mississippi Valley State University,mvsu.instructure.com,,0
Missouri Baptist University,mobap.instructure.com,,0
Missouri University of Science and Technology,umsystem.instructure.com,,0
Missouri Valley College,moval.instructure.com,,0
Missouri Western State University,missouriwestern.instructure.com,,0
Mitchell Community Schools,mitchellschools.instructure.com,,0
Mitchell Hamline School of Law,mitchellhamline.instructure.com,,0
Mizzou Academy,mk12online-missouri.instructure.com,,0
MLC School Sydney,mlcsyd.instructure.com,,0
MN Adult Education,mnadulted.instructure.com,,0
Modesto Junior College,yosemite.instructure.com,,0
Mohammed VI Polytechnic University,um6p.instructure.com,,0
Mohawk College,mohawkcollege.instructure.com,,0
Monroe County Community School Corporation,mccsc.instructure.com,,0
Montana Digital Academy,mtda.instructure.com,,0
Montana State University - Bozeman,montana.instructure.com,,0
Montana State University - Northern,northern.instructure.com,,0
Montana State University Billings,msubillings.instructure.com,,0
Montana Technological University,mtech.instructure.com,,0
Montclair State University,montclair.instructure.com,,0
Monterey County Office of Education,monterey.instructure.com,,0
Monterey Peninsula College,mpc.instructure.com,,0
Montessori British School,virtualmbs.instructure.com,,0
Montessori Teachers College,mtcedu.instructure.com,,0
Monticello Academy,monticelloacademy.instructure.com,,0
Montreat College,montreat.instructure.com,,0
Montrose School,montrose.instructure.com,,0
Montserrat College of Art,montserrat.instructure.com,,0
Montverde Academy,montverde.instructure.com,,0
Monument Academy,monumentacademy.instructure.com,,0
Moore Catholic High School,moorechs.instructure.com,,0
Moorpark College,vcccd.instructure.com,,0
Moorpark Unified,mrpk.instructure.com,,0
Moraine Park Technical College,mptc.instructure.com,,0
Moravian University,moravian.instructure.com,,0
Morehead State University,moreheadstate.instructure.com,,0
Morehouse School of Medicine,msm.instructure.com,,0
Moss Vale High School,mvhs.instructure.com,,0
Mount Airy City Schools,macs.instructure.com,,0
Mount Aloysius College,mountaloysius.instructure.com,,0
Mount Carmel Academy,mcacubs.instructure.com,,0
Mount Carmel College of Nursing,mccn.instructure.com,,0
Mount De Sales Academy,mdsa.instructure.com,,0
Mount Dora Christian Academy,mdca.instructure.com,,0
Mount Greylock Regional School,mgrhs.instructure.com,,0
Mount Holyoke College,mtholyoke.instructure.com,,0
Mount Paran Christian School,mtparanschool.instructure.com,,0
Mount Saint Mary's University,msmu.instructure.com,,0
Mount Saint Mary's University - Maryland,msmary.instructure.com,,0
Mount St Joesph Academy,msjacad.instructure.com,,0
Mount St. Joseph University,msju.instructure.com,,0
Mount St. Mary High School,mountstmary.instructure.com,,0
Mountainland Technical College,mtec.instructure.com,,0
Mountainville Academy,mountainvilleacademy.instructure.com,,0
Mt San Antonio College,mtsac.instructure.com,,0
Mt San Jacinto College,msjc.instructure.com,,0
Mt. Diablo Adult Education,mtdiabloadulted.instructure.com,,0
MTU Cork Campus,cit.instructure.com,,0
Muhlenberg College,muhlenbergcollege.instructure.com,,0
Multnomah University,multnomah.instructure.com,,0
Mundelein High School Teachers/Students,d120.instructure.com,,0
Munster Technological University - MTU Kerry Campus,mtukerry.instructure.com,,0
Murray State University,murraystate.instructure.com,,0
Murrieta Valley Unified,murrieta.instructure.com,,0
Muskingum University,muskingum.instructure.com,,0
My Online Schooling,myonlineschooling.instructure.com,,0
Myko Education,mykoeducation.instructure.com,,0
MYSDEPS - Sydney Distance Education Primary School - 4586,mysdeps.instructure.com,,0
Mälardalen University,mdh.instructure.com,,0
Nambour Christian College,nambour.instructure.com,,0
Nanyang Academy of Fine Arts,nafa.instructure.com,,0
Napa Valley College,napavalley.instructure.com,,0
Naropa University,naropa.instructure.com,,0
National Academy - AUS,nationalacademy.instructure.com,,0
National Association Of Colleges & Employers,naceweb.instructure.com,,0
National College of Art & Design,ncad.instructure.com,,0
National College of Education - Captiva,captivalearning.instructure.com,,0
National College of Midwifery,ncm.instructure.com,,0
National Education Opportunity Network,neonopportunity.instructure.com,,0
National EMS Academy,acadian.instructure.com,,0
National Excellence in School Leadership Initiative,nesli.instructure.com,,0
National Holistic Institute,baumancollege.instructure.com,,0
National Institute of Medical Aesthetics,nima.instructure.com,,0
National Institute of Technology,nitpk.instructure.com,,0
National Integrated Cyber Education Research Center,cyber.instructure.com,,0
National Schools Interoperability Program,nsip.instructure.com,,0
National Security Space Institute,nssi.instructure.com,,0
National University of Health Sciences,nuhs-msms.instructure.com,,0
Nations University,nationsuniversity.instructure.com,,0
Navarro College,navarrocollege.instructure.com,,0
Nazarene Bible College,nbc.instructure.com,,0
NC State University,ncsu.instructure.com,,0
NCDP Columbia University,ncdp.instructure.com,,0
Nebraska Department of Education,nde.instructure.com,,0
Nebraska Wesleyan University,nebrwesleyan.instructure.com,,0
NECO - New England College of Optometry,neco.instructure.com,,0
NENY Battery Academy,nenybatteryacademy.instructure.com,,0
Nepean Christian School,nepean.instructure.com,,0
Nettskolen Troms,nettskolen-troms.instructure.com,,0
Neumann University,neumann.instructure.com,,0
Neurodiagnostic Technology Institute,nti.instructure.com,,0
Nevada Department of Education,nvdoe.instructure.com,,0
Nevada State College,nsc.instructure.com,,0
New College of Florida,ncf.instructure.com,,0
New College School,newcollegeschool.instructure.com,,0
New England College,nec.instructure.com,,0
New England Institute of Technology,neit.instructure.com,,0
New Hampshire Institute of Art,nhia.instructure.com,,0
New Horizons Academy - OpenID Connect,newhorizonsacademy.instructure.com,,0
New Horizons Regional Education Center,newhorizons.instructure.com,,0
New Mexico Junior College,nmjc.instructure.com,,0
New Mexico Military Institute,nmmi.instructure.com,,0
New Mexico Public Education Department,nmped.instructure.com,,0
New Mexico State University,nmsu.instructure.com,,0
New Orleans Baptist Theological Seminary,nobts.instructure.com,,0
New Technology High School,sacnewtechhs.instructure.com,,0
New Trier High School,newtrier.instructure.com,,0
New York Automotive and Diesel Institute,nyadi.instructure.com,,0
New York Medical College,nymc.instructure.com,,0
New York School of Interior Design,nysid.instructure.com,,0
New York Tech College of Osteopathic Medicine,nyit.instructure.com,,0
New York University (Steinhardt),steinhardt-nyu.instructure.com,,0
New Zealand Institute of Business - NZIBS,nzibs.instructure.com,,0
New Zealand Skills & Education Group,nzseg.instructure.com,,0
Newberry College,newberrycollege.instructure.com,,0
Newcastle High School,nhs.instructure.com,,0
Newcastle University,ncl.instructure.com,,0
Newcastle University CPD,nclcpd.instructure.com,,0
Newman International Academy,newmanacademy.instructure.com,,0
Newman University,newmanu.instructure.com,,0
Newton County School System,newton.instructure.com,,0
Newton High School,newtonhs.instructure.com,,0
Newton-Conover City Schools,nccs.instructure.com,,0
Nexford University,nexford.instructure.com,,0
Next Generation Academy,nga.instructure.com,,0
Nexus University,nexusu.instructure.com,,0
NH Adult Education Programs,nhadulted.instructure.com,,0
Niagara University,niagara.instructure.com,,0
NIAW - National Imaging Academy Wales,nationalimagingacademywales.instructure.com,,0
NIC International College [NICUC],nicuc.instructure.com,,0
Nicholls State University,nichollsstate.instructure.com,,0
Nichols College,nichols.instructure.com,,0
Nicolet High School,nicolet.instructure.com,,0
Nida Institute,nida.instructure.com,,0
Nightingale College,nightingale.instructure.com,,0
Nihon University,nu.instructure.com,,0
Nile University,nileonline.instructure.com,,0
Nixa Schools,nixaschools.instructure.com,,0
NLA Høgskolen,nla.instructure.com,,0
Noble and Greenough School,nobles.instructure.com,,0
Norfolk Academy,norfolkacademy.instructure.com,,0
North Adams Community Schools,nadams.instructure.com,,0
North American College of Information Technology,nacollege.instructure.com,,0
North American University,na.instructure.com,,0
North Bridge Academy,northbridgeacademy.instructure.com,,0
North Broward Preparatory School,nbprep.instructure.com,,0
North Carolina A & T State University,ncat.instructure.com,,0
North Carolina Central University,nccu.instructure.com,,0
North Carolina Cyber Academy,myncca.instructure.com,,0
North Carolina School for the Deaf,esdb.instructure.com,,0
North Carolina School of Science and Mathematics,ncssm.instructure.com,,0
North Carolina Virtual Public School,ncvps.instructure.com,,0
North Central State College,ncstate.instructure.com,,0
North Central Texas College,nctc.instructure.com,,0
North Central University,ncumn.instructure.com,,0
North Dakota Council of Educational Leaders,ndcel.instructure.com,,0
North Dallas Adventist Academy,ndaa.instructure.com,,0
North Davis Prep,northdavisprep.instructure.com,,0
North Gate British School,ngbs.instructure.com,,0
North Greenville University,ngu.instructure.com,,0
North Idaho College,nic.instructure.com,,0
North Kansas City Schools,nkcschools.instructure.com,,0
North Kansas City Summer School,nkcsummer.instructure.com,,0
North Kingstown School Department,nksd.instructure.com,,0
North Metro Flex Academy,accelschoolsonlinemn.instructure.com,,0
North Montgomery Community School Corporation,nm.instructure.com,,0
North Orange School of Continuing Ed,sce.instructure.com,,0
North Park University,northpark.instructure.com,,0
North Star Academy,north-staracademy.instructure.com,,0
North Valley Christian Academy - Google,nvca.instructure.com,,0
Northbridge University,northbridge.instructure.com,,0
Northcentral Technical College,northcentral.instructure.com,,0
Northeast Ohio Medical University,neomed.instructure.com,,0
Northeast Technical Institute,ntinow.instructure.com,,0
Northeast Wisconsin Technical College,nwtc.instructure.com,,0
Northeastern Oklahoma A&M College - NEO,neo.instructure.com,,0
Northeastern University London,nulondon.instructure.com,,0
Northeastern University Skillstack,skillstack.instructure.com,,0
Northeastern Utah Educational Services NUES,nues.instructure.com,,0
Northeastern Wayne Schools,nws.instructure.com,,0
Northern Beaches & Mosman College,nbmc.instructure.com,,0
Northern Beaches Secondary College - Balgowlah,bbc.instructure.com,,0
Northern Bedford County Sd,nbcsd.instructure.com,,0
Northern Kentucky University,nku.instructure.com,,0
Northern New Mexico College,nnmc.instructure.com,,0
Northern Regional College,nrc.instructure.com,,0
Northern Valley Regional High School,nvnet.instructure.com,,0
Northholm Grammar School,northholm.instructure.com,,0
Northmont City Schools,northmontschools.instructure.com,,0
Northpoint Christian School,ncstrojans.instructure.com,,0
Northshore Technical College,northshorecollege.instructure.com,,0
Northwest Career College,ncc.instructure.com,,0
Northwest Carpenter's Institute of Washington - NWCI,nwci.instructure.com,,0
Northwest Christian School - Guardians/Observers,ncsaz.instructure.com,,0
Northwest Florida State College,nwfsc.instructure.com,,0
Northwest Indian College,nwic.instructure.com,,0
Northwest Louisiana Technical College,nwltc.instructure.com,,0
Northwest Missouri State University,nwmissouri.instructure.com,,0
Northwest Nazarene University,nnu.instructure.com,,0
Northwestern Michigan College,nmc.instructure.com,,0
Northwestern Oklahoma State University,nwosu.instructure.com,,0
Norton City Schools,nortoncityschools.instructure.com,,0
Norwalk Community Schools,norwalk.instructure.com,,0
Norwegian School of Economics,nhh.instructure.com,,0
Norwegian School of Leadership and Theology,hlt.instructure.com,,0
Norwest Christian College,norwest.instructure.com,,0
Notre Dame Academy - Hingham,ndahingham.instructure.com,,0
Notre Dame Academy Girls' High School - NDA,nda.instructure.com,,0
Notre Dame De Namur University,ndnu.instructure.com,,0
Notre Dame High School,ndhs.instructure.com,,0
Notre Dame High School Riverside,ndhsriverside.instructure.com,,0
Notre Dame of Maryland University,ndm.instructure.com,,0
Notre Dame-Cathedral Latin School,ndcl.instructure.com,,0
Nova Anglia College,novaangliacollege.instructure.com,,0
Nova Southeastern University,nsu.instructure.com,,0
Nowra High School,nowra.instructure.com,,0
NSU University School,uschool.instructure.com,,0
NSW Education Standards Authority,nesa.instructure.com,,0
NSW School of Languages,nswschoollang.instructure.com,,0
NSW Secondary Principals' Council - non-SPC and DoE users,nswspc.instructure.com,,0
NT Christian Schools,ntchristianschools.instructure.com,,0
NUC University,nuc.instructure.com,,0
Oak Hall School,oakhall.instructure.com,,0
Oak Ridge Schools,ortn.instructure.com,,0
Oakland - Craig Public School -Students/Teachers,ocknights.instructure.com,,0
Oakland City University,ocu.instructure.com,,0
Oaklands College,oaklands.instructure.com,,0
Oaks Christian School,oakschristian.instructure.com,,0
Oasis International School Kuala Lumpur - OIS Students,ois.instructure.com,,0
OCAD University,ocadu.instructure.com,,0
Occidental College,oxy.instructure.com,,0
Ocean County College,ocean.instructure.com,,0
Odyssey Academy,odysseyacademytx.instructure.com,,0
Ogden Preparatory Academy,ogdenprep.instructure.com,,0
Ogden-Weber Technical College,otech.instructure.com,,0
Oglethorpe University,oglethorpe.instructure.com,,0
Ohana College,ohanacollege.instructure.com,,0
Ohio Business College,obc.instructure.com,,0
Ohio Medical Career College,omcc.instructure.com,,0
Ohio Northern University,onu.instructure.com,,0
Ohio University,ohio.instructure.com,,0
Ohlone College,ohlone.instructure.com,,0
Okinawa Institute of Science and Technology,oist-c-hub.instructure.com,,0
Oklahoma Baptist University,okbu.instructure.com,,0
Oklahoma Christian University,oklahomachristian.instructure.com,,0
Oklahoma Panhandle State University,opsu.instructure.com,,0
Oklahoma Technical College,mycourseconnection.instructure.com,,0
Old Town Academy,oldtownacademy.instructure.com,,0
Olivet Nazarene University,olivet.instructure.com,,0
Olympic College,olympic.instructure.com,,0
Omaha Christian Academy,omahachristianacademy.instructure.com,,0
OMMA Business School Madrid,omma.instructure.com,,0
On Purpose Education,onpurposeedu.instructure.com,,0
Online Engineering Academy,onlineea.instructure.com,,0
Ontario Fire College,ontariofire.instructure.com,,0
Ontario Tech University Continuing Professional Education,ontariotechu.instructure.com,,0
Orange Christian School,ocs-nsw.instructure.com,,0
Orange County Department of Education,ocde.instructure.com,,0
Orangewood Christian School: Canvas Login,ocs.instructure.com,,0
Oregon Institute of Technology,oit.instructure.com,,0
Orenda Education,orenda.instructure.com,,0
Orion International Academy,orioninternationalacademy.instructure.com,,0
Orlando Medical Institute,omi.instructure.com,,0
Orlando School of Nursing,osn.instructure.com,,0
Orsi Academy,orsiacademy.instructure.com,,0
Oslo National Academy of the Arts,khio.instructure.com,,0
Ouachita Baptist University,obu.instructure.com,,0
Our Lady of Fatima University,olfu.instructure.com,,0
Our Lady of Lourdes Academy,olla.instructure.com,,0
Our Lady of Mercy College Heidelberg,olmcheidelberg.instructure.com,,0
Our Lady of the Lake School,ourladyofthelake.instructure.com,,0
Outsource Institute,outsourceinstitute.instructure.com,,0
Overlake School,overlake.instructure.com,,0
Owen J Roberts School,ojrsd.instructure.com,,0
Oxford College of Arts,oxfordedu.instructure.com,,0
Oxford Preparatory Academy,opa.instructure.com,,0
Oxley College,oxley.instructure.com,,0
Oxley High School,oxley-h.instructure.com,,0
Ozark Christian College,occ.instructure.com,,0
PA College,pacollege.instructure.com,,0
Pacific Adventist University,pau.instructure.com,,0
Pacific Coast High School,pchs.instructure.com,,0
Pacific Collegiate School,pcs.instructure.com,,0
Pacific Gulgangali Jarjums Christian School,pacificeducation.instructure.com,,0
Pacific International Hotel Managagement School,pihms.instructure.com,,0
Pacific Union College,puc.instructure.com,,0
Pacific Valley School,bigsurunified.instructure.com,,0
Palm Beach Atlantic University,pba.instructure.com,,0
Palm Beach Schools,palmbeachschools.instructure.com,,0
Palm Beach State College,palmbeachstate.instructure.com,,0
Palo Alto University,paloaltou.instructure.com,,0
Palo Verde College,paloverde.instructure.com,,0
Palomar College,palomar.instructure.com,,0
Panola College,panola.instructure.com,,0
Panoramic Capital Academy,panoramiccap.instructure.com,,0
Panpacific University,panpacificu.instructure.com,,0
Papillion La Vista Community Schools,plcschools.instructure.com,,0
Paradigm High School,paradigm.instructure.com,,0
Paris Patle Institute for OMPT,parispatla.instructure.com,,0
Park Tudor School,parktudor.instructure.com,,0
Pasadena City College,pcc.instructure.com,,0
Pascack Valley Regional High School,pascack.instructure.com,,0
Pasco-Hernando State College,phsc.instructure.com,,0
Patrick Henry College,phc.instructure.com,,0
Patrick's College,patricks.instructure.com,,0
Paul Mitchell The School Honolulu,pmtshonolulu.instructure.com,,0
Paul Quinn College,pqc.instructure.com,,0
Paul Smith's College,paulsmiths.instructure.com,,0
PCIS - Panama Coast International School,pcis.instructure.com,,0
Peak Academy,peakacademy.instructure.com,,0
Peking University,pku.instructure.com,,0
Pembroke Pines Charter Schools,pinescharter.instructure.com,,0
Pendle Hill High School,pendlehillhs.instructure.com,,0
Peninsula Catholic High School,peninsulacatholic.instructure.com,,0
Peninsula College,pencol.instructure.com,,0
Penn Harris Madison Schools,phm.instructure.com,,0
Pennsylvania Academy of the Fine Arts,pafa.instructure.com,,0
Pennsylvania Institute of Technology,pit.instructure.com,,0
Penrith Christian School,learningpcs.instructure.com,,0
Pensacola Christian College,pcci.instructure.com,,0
Pensacola State College,pensacolastate.instructure.com,,0
Penta College,penta.instructure.com,,0
Perry Township Schools,perryschools.instructure.com,,0
Peru State College,perustate.instructure.com,,0
Petra Digital University,petradigital.instructure.com,,0
Philander Smith University,philander.instructure.com,,0
Phillips Academy Andover,andover.instructure.com,,0
Phillips Exeter Academy,exeter.instructure.com,,0
Phoenix Academy,phoenixacademyfp.instructure.com,,0
Phoenix Country Day School,pcds.instructure.com,,0
Phoenix Education,phoenixedu.instructure.com,,0
Pickens Technical College,pickenstech.instructure.com,,0
Picton High School,pictonhs.instructure.com,,0
Piedmont College,piedmont.instructure.com,,0
Pierce College,pierce.instructure.com,,0
Pierce Mortuary Colleges,piercecolleges.instructure.com,,0
PIMS - Pittsburgh Institute of Mortuary Science,pims.instructure.com,,0
Pine Crest School,pinecrest.instructure.com,,0
Pine Lake Prep,pinelakeprep.instructure.com,,0
Pinecrest Academy,pinecrestvirtualnv.instructure.com,,0
Pinnacle Academic College,pac.instructure.com,,0
Pinnacle Canyon Academy,pca.instructure.com,,0
Pinnacle Career Institute,pinnacle.instructure.com,,0
Piper Schools,piperschools.instructure.com,,0
Pittsburgh Theological Seminary,ptseminary.instructure.com,,0
Pitzer College,pitzer.instructure.com,,0
Pixel Academy,pixel.instructure.com,,0
PKYonge - University of Florida,pkyonge.instructure.com,,0
Placer County Office Of Education,placercoe.instructure.com,,0
Placer Union HS District,placer.instructure.com,,0
Platinum Institute Australia,platinum.instructure.com,,0
Playford International College,pic.instructure.com,,0
Plaza College,plazacollege.instructure.com,,0
Pleasant Local Schools,pleasantlocal.instructure.com,,0
Plymouth Community School Corporation,pcsc.instructure.com,,0
Plymouth-Canton Community Schools,pccsk12.instructure.com,,0
Point Park University,pointpark.instructure.com,,0
Point University,point.instructure.com,,0
Politihøgskolen,politihogskolen.instructure.com,,0
Polk State College,polkstate.instructure.com,,0
Polytechnic Institute of Northern Canada,polytechnicinstituteofnortherncanada.instructure.com,,0
Pontificia Universidad Católica Madre y Maestra,pucmm.instructure.com,,0
Pontificia Università Gregoriana,unigre.instructure.com,,0
Pop Education,popeducation.instructure.com,,0
Population Education,populationeducation.instructure.com,,0
Port Melbourne Secondary College,portmelbournesc.instructure.com,,0
Portland State University Non-Credit,pdx2.instructure.com,,0
Porto Business School,pbs.instructure.com,,0
Posgrado Universidad Católica de Cuenca - Ecuador,posgradoonline.instructure.com,,0
Potts Education Studio,pottseducationstudio.instructure.com,,0
Prairie Spirit School Division,spiritsd.instructure.com,,0
Pratt Institute,pratt.instructure.com,,0
Prefectural University of Kumamoto,puklms.instructure.com,,0
Premier Prep Online Academy,premierpreponline.instructure.com,,0
Premiere Career College,premierecollege.instructure.com,,0
Prentiss Co School Dist,prentiss.instructure.com,,0
Prepa Anáhuac Monterrey campus San Agustín,prepaanahuacmty.instructure.com,,0
Prepa Anáhuac México campus Maddox,pamcamaddox.instructure.com,,0
Presbyterian Christian School,pcsk12.instructure.com,,0
Prescott College,prescott.instructure.com,,0
Presidio Graduate School,presidio.instructure.com,,0
Presidio School,presidioschool.instructure.com,,0
Prestans Online Academy,prestans.instructure.com,,0
Preston's College,prestoncollege.instructure.com,,0
Prestonwood Christian Academy,prestonwoodchristian.instructure.com,,0
Price College,pricecollege.instructure.com,,0
Primavera Online Elementary School,poes.instructure.com,,0
Primavera Online School,primaverahs.instructure.com,,0
Prince of Peace Catholic School - Plano,popschool.instructure.com,,0
Prince of Peace Christian School,popcs.instructure.com,,0
Prince William County- Adult Education,pwcsadulted.instructure.com,,0
Principia College,principia.instructure.com,,0
Prism Career Institute,prismcareerinstitute.instructure.com,,0
Pristine College,pristine.instructure.com,,0
Proctor Academy,myproctor.instructure.com,,0
Professional Institute of Management and Technology,pimtcalgary.instructure.com,,0
"Professionals Nord, PN Academy",pnacademy.instructure.com,,0
Promontory School of Expeditionary,promontoryschool.instructure.com,,0
Proskills - Education Evolve,mycareertraining.instructure.com,,0
Providence Cristo Rey High School,cristoreyindy.instructure.com,,0
Providence Day School,providenceday.instructure.com,,0
Providence High School,learn.providencehigh.org,,0
Providence School,prov.instructure.com,,0
PUBLIC IMAGE INSTITUTE,imagenpublicaonline.instructure.com,,0
Pulteney Grammar School,pulteney.instructure.com,,0
Punahou School,punahou.instructure.com,,0
Purpose Institute,purposeinstitute.instructure.com,,0
Pymble Ladies' College,pymblelc.instructure.com,,0
QAS Online Academy,qas.instructure.com,,0
QED Stage Primary,qed-stage.instructure.com,,0
QSI Virtual School,qsivirtual.instructure.com,,0
Quality Leadership University,my-qlu.instructure.com,,0
Quasir Academy,quasiracademy.instructure.com,,0
Queenwood School for Girls,queenwood.instructure.com,,0
Quest Academy,questac.instructure.com,,0
Quincy College,quincy.instructure.com,,0
Quinnipiac University,quinnipiac.instructure.com,,0
Radians School,radiansschool.instructure.com,,0
Rady School of Management at UC San Diego,rady.instructure.com,,0
Ramapo College of New Jersey,ramapo.instructure.com,,0
Ramona City Unified,ramonausd.instructure.com,,0
Ranger College,rangercollege.instructure.com,,0
Ravenscroft School,ravenscroft.instructure.com,,0
Reach University,reachu.instructure.com,,0
Real Education Group,real.instructure.com,,0
Red Cloud Indian School,redcloudschool.instructure.com,,0
Red Lake Nation College,rlnc.instructure.com,,0
Redeemer Baptist School,redeemer-nsw.instructure.com,,0
Reformation Bible College,reformationbiblecollege.instructure.com,,0
Reformed Theological Seminary,rts.instructure.com,,0
Regan Career Institute,rci.instructure.com,,0
Regent College London,rcl.instructure.com,,0
Regent University,regent.instructure.com,,0
Region 11 Education Service Center,esc11.instructure.com,,0
Region 12 Education Service Center,esc12.instructure.com,,0
Region 2 Education Service Center - ESC2,esc2.instructure.com,,0
Region 3 Education Service Center,esc3.instructure.com,,0
Region 4 Education Service Center,esc4.instructure.com,,0
Region 9 Education Service Center,stpatrickhighschool.instructure.com,,0
Reinhardt University,reinhardtuniversity.instructure.com,,0
Remington College,remingtoncollege.instructure.com,,0
Rend Lake College,rlc.instructure.com,,0
Rensselaer Central Schools,rcsc.instructure.com,,0
Renton Technical College,rtc.instructure.com,,0
Research College of Nursing,researchcollege.instructure.com,,0
Revival Today Bible Institute,rtbi.instructure.com,,0
Rhode Island School of Design,risdedu.instructure.com,,0
Rhodes College,rhodes.instructure.com,,0
Rhodes State College,rhodesstate.instructure.com,,0
Richard Bland College,rbc.instructure.com,,0
Richard Milburn Academy,rma-tx.instructure.com,,0
Richmond Community Schools,richmond.instructure.com,,0
Ridgewood Community High School,ridgenet.instructure.com,,0
Riggs College of Allied Health,riggscollege.instructure.com,,0
Right Question Institute,rightquestion.instructure.com,,0
Ringling College of Art and Design,ringling.instructure.com,,0
Rio Hondo College,riohondo.instructure.com,,0
Ripon College,riponcollege.instructure.com,,0
Riverside Christian College,riversidecc.instructure.com,,0
Riverside City College,rccd.instructure.com,,0
Riverside County Office of Education,rcoe.instructure.com,,0
Riverside Virtual School,riversidevirtualschool.instructure.com,,0
Rivier University,rivier.instructure.com,,0
Robinson School,robinsonschool.instructure.com,,0
Rochester Christian University,rochesterchristianu.instructure.com,,0
Rochester Community School Corporation,zebras.instructure.com,,0
Rock Hill Schools,rockhill.instructure.com,,0
Rock Valley College,rvceagle.instructure.com,,0
Rockets Online Campus,rocketsonlinecampus.instructure.com,,0
Rocketship Dennis Dunkins Elementary,rpstexas.instructure.com,,0
Rockford University,rockford.instructure.com,,0
Rockhurst University,rockhurst.instructure.com,,0
Rockwell Charter High School,rockwellhigh.instructure.com,,0
Rocky Mountain College,rockymountaincollege.instructure.com,,0
Rocky Mountain Prep,rmp.instructure.com,,0
Rocky Mountain University of Health Professions,rm.instructure.com,,0
Rocky Vista University,mycourses.instructure.com,,0
Rollins College,rollins.instructure.com,,0
Roncalli High School,roncalli.instructure.com,,0
ROOTS Education,rootseducation.instructure.com,,0
Rose State College,rose.instructure.com,,0
Rosebank College,rosebank.instructure.com,,0
Roseman University,roseman.instructure.com,,0
Rosemont College,rosemont.instructure.com,,0
Ross - Ross College,ross.instructure.com,,0
Ross University School of Medicine,rossmed.instructure.com,,0
Ross University School of Veterinary Medicine,rossvet.instructure.com,,0
Round Rock Christian Academy,rrca.instructure.com,,0
Rowan University,rowan.instructure.com,,0
Roxboro Community School- Students and Teachers,roxboro.instructure.com,,0
Roxburgh College,roxburghcollege.instructure.com,,0
Royal Australasian College of Medical Administrators,racma.instructure.com,,0
Royal College of Physicians and Surgeons of Glasgow,rcpsg.instructure.com,,0
Royal Danish Academy of Music,dkdm.instructure.com,,0
Royal Melbourne Institute of Technology,rmit.instructure.com,,0
Roycemore School,roycemoreschool.instructure.com,,0
RSL Academy,rslacademy.instructure.com,,0
RSM Erasmus University,rsm.instructure.com,,0
Rush University,rushuniversity.instructure.com,,0
Russell Sage College,sage.instructure.com,,0
Rutherford Technology High School,rutherford-hs.instructure.com,,0
Sabal College,sabalcollege.instructure.com,,0
SABER College,sabercollege.instructure.com,,0
Sacramento Adventist Academy,saa.instructure.com,,0
Sacramento City College,lrccd.instructure.com,,0
Sacred Heart College,sacredheartcollege.instructure.com,,0
Sacred Heart Major Seminary,shms.instructure.com,,0
Sacred Heart Major Seminary - Equip,shmsformation.instructure.com,,0
Sacred Heart Schools,shschicago.instructure.com,,0
Sacred Heart University,sacredheart.instructure.com,,0
Saddleback College,socccd.instructure.com,,0
SAE Institute,us-sae.instructure.com,,0
Sage Hill School,shs.instructure.com,,0
Saginaw Valley State University,svsu.instructure.com,,0
Saint Anselm College,anselm.instructure.com,,0
Saint Augustine High School,staugustine.instructure.com,,0
Saint Francis Catholic Academy,sfcawolves.instructure.com,,0
Saint Francis University,saintfrancis.instructure.com,,0
Saint George School,stgeorge.instructure.com,,0
Saint Ignatius College Geelong,ignatius.instructure.com,,0
"saint joseph college, maasin, leyte",sjcmaasin.instructure.com,,0
Saint Joseph's University,sju.instructure.com,,0
Saint Joseph's University - Non-Credit,sju-continuing-ed.instructure.com,,0
Saint Leo University,saintleouniversity.instructure.com,,0
Saint Louis University School of Medicine,slusom.instructure.com,,0
Saint Mary's College of California,stmarys-ca.instructure.com,,0
Saint Mary's School,sms.instructure.com,,0
Saint Mary's University of Minnesota,smumn.instructure.com,,0
Saint Mary-of-the-Woods College,smwc.instructure.com,,0
Saint Michaels College of Vermont,smcvt.instructure.com,,0
Saint Paul's School of Nursing,spson.instructure.com,,0
Saint Peters Preparatory School,spprep.instructure.com,,0
Saint Pius X Catholic School,diocesefwsb2.instructure.com,,0
Saint Thomas Aquinas College,stac.instructure.com,,0
Saint Thomas’ Episcopal School - STE,ste.instructure.com,,0
Saint Vincent College,stvincent.instructure.com,,0
Saint Xavier University,sxu.instructure.com,,0
Saints College,stjosephs.instructure.com,,0
Salem College,salemcollege.instructure.com,,0
Salem State University,salemstate.instructure.com,,0
Salina Area Technical College,salinatech.instructure.com,,0
Salinas Adult School,adultschoolsalinas.instructure.com,,0
Salisbury University,salisbury.instructure.com,,0
Salve Regina University,salve.instructure.com,,0
Samaritan and St. Peter's Schools of Nursing,sphsam.instructure.com,,0
Samford University,samford.instructure.com,,0
Sampoerna University,sampoernauniversity.instructure.com,,0
Samuel Merritt University,samuelmerritt.instructure.com,,0
San Antonio Christian School,sachristian.instructure.com,,0
San Ardo School,sanardousd.instructure.com,,0
San Beda University,sanbeda.instructure.com,,0
San Bernardino County Superintendent of Schools,sbcss.instructure.com,,0
San Diego County Office of Education,sdcoe.instructure.com,,0
San Diego Jewish Academy,sdja.instructure.com,,0
San Francisco State University,sfsu.instructure.com,,0
San Francisco Wine School,sanfranciscowineschool.instructure.com,,0
San Joaquin Delta College,sjdc.instructure.com,,0
San Jose City College,sjcc.instructure.com,,0
San Juan Bautista School of Medicine,sjbsm.instructure.com,,0
San Lorenzo Unified,slzusd.instructure.com,,0
San Mateo Adult and Career Education,smace.instructure.com,,0
San Pablo Colleges,sanpablocolleges.instructure.com,,0
San Rafael City Schools,srcs.instructure.com,,0
Sanger Unified - Fresno County,sanger.instructure.com,,0
Santa Barbara City College,sbcc.instructure.com,,0
Santa Clara University,camino.instructure.com,,0
Santa Maria Joint Unified- Students/Teachers,smjuhsd.instructure.com,,0
Santiago Canyon College,rsccd.instructure.com,,0
SAP Academy,sap.instructure.com,,0
Saras AI Institute,sarasai.instructure.com,,0
Sauvie Island School,sauvieislandschool.instructure.com,,0
Saving Grace Education Group,savinggraceeducationgroup.instructure.com,,0
SC School for Deaf and Blind,scsdb.instructure.com,,0
SCA University of Theology and Spirituality,uofts.instructure.com,,0
Scala Campus,scalacampus.instructure.com,,0
Scholar Academy,scholar.instructure.com,,0
Scholé Academy,scholeacademy.instructure.com,,0
School City of East Chicago,scec.instructure.com,,0
School City Of Mishawaka,mishawakaschools.instructure.com,,0
School Curriculum and Standards Authority,int-pl-scsa.instructure.com,,0
School of Lifelong,ngarimella.instructure.com,,0
School of Medical Laboratory Science,ahnmls.instructure.com,,0
School of Snoop SG,aware-sg.instructure.com,,0
School of the Art Institute of Chicago,saic.instructure.com,,0
School of the Osage,osageschools.instructure.com,,0
School of Visual Arts,sva.instructure.com,,0
School Town of Munster,munster.instructure.com,,0
School Year Abroad,sya.instructure.com,,0
Schools for the Future,sff.instructure.com,,0
Schools of McKeel Academy,mckeel.instructure.com,,0
Schreiner University,schreiner.instructure.com,,0
Schulich School of Business,schulich.instructure.com,,0
Schuyler Community Schools,schuyler.instructure.com,,0
Score Academy,score.instructure.com,,0
Scotch College,scotch.instructure.com,,0
Scots All Saints College Bathurst,scotsallsaints.instructure.com,,0
Scripps Research Institute,scrippsresearch.instructure.com,,0
SD Alfa Centauri,alfacentauri.instructure.com,,0
SDCOE-Schools,sdcoe-schools.instructure.com,,0
Seattle Christian School,seattlechristian.instructure.com,,0
Seattle Pacific University,spu.instructure.com,,0
Seattle U School of Law,seattleulaw.instructure.com,,0
Seattle University,seattleu.instructure.com,,0
Secondary College of Languages,sclanguages.instructure.com,,0
SecureSet Academy,secureset.instructure.com,,0
Seffner Christian Academy,scacrusaders.instructure.com,,0
Seminary and Institute,si.instructure.com,,0
Sequoia Choice Arizona Distance Learning School,myedkey.instructure.com,,0
Sessions College for Professional Design,sessions.instructure.com,,0
Seton Hall University,setonhall.instructure.com,,0
Seton Hill University,shu.instructure.com,,0
SGS Academy,sgsacademy.instructure.com,,0
Shady Side Academy,shadysideacademy.instructure.com,,0
Shalom Crest Wizard Academy,scwa.instructure.com,,0
Shanghai Qibao Dwight High School,qibaodwight.instructure.com,,0
Sharjah Education Academy,sea.instructure.com,,0
Sharjah Maritime Academy,smalearn.instructure.com,,0
Sharpe Business Academy,sba.instructure.com,,0
Shasta College,shastacollege.instructure.com,,0
Shasta County Office of Education,shastacoe.instructure.com,,0
Shaw University,shawu.instructure.com,,0
Shenandoah School Corporation,shenandoah.instructure.com,,0
Shenandoah University,su.instructure.com,,0
Shenandoah University - Organizations,suorg.instructure.com,,0
Shenandoah University - School of Pharmacy,surx.instructure.com,,0
Sheridan Community Schools,scs.instructure.com,,0
Sherwood Sd 88J,sherwood.instructure.com,,0
Shirley Boys High School,shirley.instructure.com,,0
Shorelight Education,shorelight.instructure.com,,0
Shorter College,shortercollege.instructure.com,,0
Shorter University,shorter.instructure.com,,0
Sidwell Friends School,sfs.instructure.com,,0
Siena Heights University,sienaheights.instructure.com,,0
Sierra College,sierra.instructure.com,,0
Sierra Nevada College,sierranevada.instructure.com,,0
Sigma Sciece Education,sigma.instructure.com,,0
Signet Institute of Australia,signet.instructure.com,,0
Silverdale Baptist Academy,silverdaleba.instructure.com,,0
Simmons College of Kentucky,simmonscollegeky.instructure.com,,0
Simpson University,simpsonu.instructure.com,,0
Sinergia Education,sinergia.instructure.com,,0
Singleton High School,singletonhs.instructure.com,,0
Sinica Education,sinicaeducation.instructure.com,,0
Sion North Wake Academy,sionnorthwakeacademy.instructure.com,,0
SIS - Stockholm International School,stockholmis.instructure.com,,0
Site Institute,site.instructure.com,,0
Skilled Education,skilled-education.instructure.com,,0
Sky Valley Education Center - Teacher and Student Access,svec.instructure.com,,0
SkyView Academy,skyview.instructure.com,,0
SLU - Swedish University of Agricultural Sciences,slu-se.instructure.com,,0
Small school,sandorkosa.instructure.com,,0
Smith Chason College,smithchason.instructure.com,,0
Snow College,snow.instructure.com,,0
Sofia University,sofia.instructure.com,,0
Solebury School,solebury.instructure.com,,0
Sonoma Country Day School,myscds.instructure.com,,0
Sonoma County Office of Education,scoe.instructure.com,,0
Sonoma State University,sonoma.instructure.com,,0
Sonoran University of Health Sciences,scnm.instructure.com,,0
Sophiahemmet Högskola - SHH,shh.instructure.com,,0
Sotheby's Institute of Art,online.branded-edu.com,,0
South Adams Schools,southadams.instructure.com,,0
South Alberta High School,sahs.instructure.com,,0
South Bend Community Schools Students/Staff,sbcsc.instructure.com,,0
South Carolina Governors School for Science and Mathematics,scgssm.instructure.com,,0
South Central Louisiana Technical College,scl.instructure.com,,0
South Denver School of Nursing Arts,sdsna.instructure.com,,0
South Hampshire College Group,shcg.instructure.com,,0
South Hill School of Business and Technology,southhills.instructure.com,,0
South Madison Schools,smcsc.instructure.com,,0
South Shore Christian Academy,southshorechristian.instructure.com,,0
Southeast Arkansas College,seark.instructure.com,,0
Southeast Education Service Center,sesc.instructure.com,,0
Southeast Missouri State University,semo.instructure.com,,0
Southeast New Mexico College SENMC,senmc.instructure.com,,0
Southeastern College,southeasterncollege.instructure.com,,0
Southeastern Illinois College,siconline.instructure.com,,0
Southeastern Louisiana University,southeastern.instructure.com,,0
Southeastern Oklahoma State University,se.instructure.com,,0
Southeastern University,seu-msms.instructure.com,,0
Southern Baptist Theological Seminary,sbts.instructure.com,,0
Southern California Flex Academy - OpenID Connect,socalfa.instructure.com,,0
Southern California University of Health Sciences,scuhs.instructure.com,,0
Southern Cross School Distance Education,southerncross.instructure.com,,0
Southern Evangelical Seminary,southernevangelicalseminary.instructure.com,,0
Southern Regional College,southernregionalcollege.instructure.com,,0
Southern Technical College,southerntech.instructure.com,,0
Southern University - Baton Rouge,sus.instructure.com,,0
Southern University at New Orleans,suno.instructure.com,,0
Southern University at Shreveport - SUSLA,susla.instructure.com,,0
Southern Utah University,suu.instructure.com,,0
Southern Virginia University,svu.instructure.com,,0
Southern Wake Academy,swake.instructure.com,,0
Southern Wesleyan University,swu.instructure.com,,0
Southern York County Sd,southernyork.instructure.com,,0
Southside College of Health Sciences,srmc.instructure.com,,0
Southwest Baptist University,sbuniv.instructure.com,,0
Southwest Educational Development Center,sedc.instructure.com,,0
Southwest Florida Christian Academy,swfca.instructure.com,,0
Southwest Georgia Regional Educational Service Agency,swresa.instructure.com,,0
Southwest Institute of Healing Arts,swiha.instructure.com,,0
Southwest School Dist 7715,swest.instructure.com,,0
Southwest Technical College,stech.instructure.com,,0
Southwestern Adventist University,swau.instructure.com,,0
Southwestern Baptist Theological Seminary,swbts.instructure.com,,0
Southwestern Christian University,swcu.instructure.com,,0
Southwestern College,swccd.instructure.com,,0
Southwestern Oklahoma State University,swosu.instructure.com,,0
Spalding University,spalding.instructure.com,,0
Spartan Education,spartan.instructure.com,,0
Spectrum Academy,spectrumacademy.instructure.com,,0
Spelman College,spelman.instructure.com,,0
Spirit of Math Schools,spiritofmath.instructure.com,,0
Spoon River College,src.instructure.com,,0
Spring Hill College,shc.instructure.com,,0
ST ANDREW CATHOLIC SCHOOL,standrewcs.instructure.com,,0
St Andrew's Anglican College,saac.instructure.com,,0
St Andrews School,standrews.instructure.com,,0
St Brendan High School Parent Portal - Miami,stbrendanhigh.instructure.com,,0
St Clair High School,stclair.instructure.com,,0
St Felix School Southwold,stfelix.instructure.com,,0
St John Vianney HS,sjvhs.instructure.com,,0
St John's Grammar School,stjohnsgs.instructure.com,,0
St Johns College - Springfield,stjohnscollegespringfield.instructure.com,,0
St Johns River State College,sjrstate.instructure.com,,0
St Joseph by the Sea High School - Parent Access,josephsea.instructure.com,,0
St Joseph by the Sea High School - Teacher and Student Access,canvas.josephsea.org,,0
St Joseph High School,sjhsknights.instructure.com,,0
St Lawrence Catholic School Tampa,stlawrencecatholicschool.instructure.com,,0
St Luke's Anglican School,slas.instructure.com,,0
St Luke's Episcopal School - San Antonio,sles.instructure.com,,0
St Paul's Theological College - SPTC,sptc.instructure.com,,0
St Peter's Girls School,stpetersgirls.instructure.com,,0
St Stephen's Catholic College,cns-catholic.instructure.com,,0
St Thomas More School of Law and Business,stm.instructure.com,,0
St Vladimir's Orthodox Theological Seminary,svots.instructure.com,,0
St. Andrew's School,saintandrews.instructure.com,,0
"St. Andrew’s Episcopal School - Potomac, Maryland",saes.instructure.com,,0
St. Anne's-Belfield School,stannesbelfield.instructure.com,,0
St. Annes Episcopal School,st-annes.instructure.com,,0
St. Catherine University,stkate.instructure.com,,0
St. Catherine University - OTA,stkateonline.instructure.com,,0
St. Charles Preparatory,scprep.instructure.com,,0
St. Dominic College Of Asia,sdca.instructure.com,,0
St. Edward School,sesfi.instructure.com,,0
St. Edwards University,stedwards.instructure.com,,0
St. Francis Xavier Catholic School,stfrancisfortmyers.instructure.com,,0
St. George's Independent School,sgis.instructure.com,,0
St. George's School,sg.instructure.com,,0
St. Gregory the Great Catholic School,saintgreg.instructure.com,,0
St. Ignatius College Preparatory,canvas.siprep.org,,0
St. John's College High School,stjohnschs.instructure.com,,0
St. John's Preparatory School,stjohnsprep.instructure.com,,0
St. John's Seminary,stjohnsem.instructure.com,,0
St. John's University - STJ,stjohns.instructure.com,,0
St. Joseph Academy,sja1840.instructure.com,,0
St. Joseph Catholic Academy,kenoshastjoseph.instructure.com,,0
St. Joseph School of Nursing,sjhnh.instructure.com,,0
"St. Joseph's University, New York",sjcny.instructure.com,,0
St. Jude Graduate School,stjude.instructure.com,,0
St. Lawrence University,stlawu.instructure.com,,0
St. Louis University High School,sluh.instructure.com,,0
St. Mark The Evangelist Catholic School,stmarklions.instructure.com,,0
St. Mark's School,stmarksschool.instructure.com,,0
St. Mary's Academy,sma.instructure.com,,0
St. Mary's Seminary & University,stmarys.instructure.com,,0
St. Norbert College,snc.instructure.com,,0
St. Paul's School,stpaulsmd.instructure.com,,0
St. Pius X Catholic High School - SPX - Atlanta,stpius.instructure.com,,0
St. Thomas Aquinas High School,sta.instructure.com,,0
St. Thomas University,stu.instructure.com,,0
St. Ursula Academy,toledosua.instructure.com,,0
Stanfort Academy,stanfort.instructure.com,,0
Stanley College,stanleycollege.instructure.com,,0
Stanton University,stantonuni.instructure.com,,0
Stapleton Public School,stapletonschools.instructure.com,,0
STAR SCHOOLS,startech.instructure.com,,0
Starkville Academy,starkvilleacademy.instructure.com,,0
State College of Florida,scf.instructure.com,,0
State Technical College of Missouri,statetechmo.instructure.com,,0
Staten Island Academy,statenislandacademy.instructure.com,,0
Staunton City Schools,scpsva.instructure.com,,0
Steinerhøyskolen,rsuc.instructure.com,,0
STEM School Highlands Ranch,stem.instructure.com,,0
Stephens College,stephens.instructure.com,,0
Sterling College,sterling.instructure.com,,0
Stetson University,stetson.instructure.com,,0
Stevenson School Carmel Campus,stevensonschool.instructure.com,,0
Stillman College,stillman.instructure.com,,0
Stirling Institute of Australia,sia.instructure.com,,0
Stockholm School of Entrepreneurship,sses.instructure.com,,0
Stoke on Trent College,stokecoll.instructure.com,,0
Stone Child College,stonechildcollege.instructure.com,,0
Stonehill College,stonehill.instructure.com,,0
Stuart Public School,stuartbroncos.instructure.com,,0
Students - Snowy Mountains Grammar School - SMGS,smgs.instructure.com,,0
Students for Eco-Education and Agriculture - SEEAG - Learners,seeag.instructure.com,,0
Success Academy,success.instructure.com,,0
SUM Bible College & Theological Seminary,sum.instructure.com,,0
Summit Academy OIC - SAOIC,saoic.instructure.com,,0
Summit Christian Academy,summit-christian-academy.instructure.com,,0
Summit College,summitcollege.instructure.com,,0
Summit Learning Charter,summit.instructure.com,,0
Summit Pacific College,summitpacific.instructure.com,,0
Sumner College,sumner.instructure.com,,0
Sunway University,sunulearnx.instructure.com,,0
Support Education Group,seg.instructure.com,,0
Surat Thani Rajabhat University,istsru.instructure.com,,0
Surf Coast Secondary College,surfcoastsecondarycollege.instructure.com,,0
Sutter County Adult Education,sutter.instructure.com,,0
Swedish Institute,swedishinstitute.instructure.com,,0
Swedish Red Cross University College,rkh.instructure.com,,0
Sweet Briar College,sweetbriar.instructure.com,,0
Sycamore Community Schools Student Login - Ohio,sycamoreschools.instructure.com,,0
Sydney Boys High School,sydneyboyshigh.instructure.com,,0
Sydney Grammar School,sydgram.instructure.com,,0
Syracuse Arts Academy,syracuseartsacademy.instructure.com,,0
Sámi allaskuvla - Sámi University of applied sciences,samas.instructure.com,,0
Södertörn University,studiewebben.instructure.com,,0
Tabor College,tabor.instructure.com,,0
Taft College,taftcollege.instructure.com,,0
Taipei American School,taipeiamericanschool.instructure.com,,0
Tallahassee State College,tscfl.instructure.com,,0
Tamalpais Union HS District,tamdistrict.instructure.com,,0
Tampa Catholic High School,tampacatholic.instructure.com,,0
Tampa Jesuit High School,jesuittampa.instructure.com,,0
Tara Anglican School for Girls,taragirls.instructure.com,,0
Tarleton State University,tarleton.instructure.com,,0
Tax Academy Of Singapore,taxacademy.instructure.com,,0
Taylor College,mytaylortraining.instructure.com,,0
Taylor's University,taylors.instructure.com,,0
TCS Education System,tcsedsystem.instructure.com,,0
Te Kupenga Catholic Theological College,tci.instructure.com,,0
Teachers College,tc.instructure.com,,0
Technical College of the Rockies,tcr.instructure.com,,0
Technical College Reykjavik,tskoli.instructure.com,,0
Technology Excellence in Education Network,teen.instructure.com,,0
TEL Education,teleducation.instructure.com,,0
Temple City Unified- Teachers/Students,tcusd.instructure.com,,0
Teneo Education,teneo.instructure.com,,0
Tennesee Department of Education,tndoe.instructure.com,,0
Tennessee Wesleyan University,tnwesleyan.instructure.com,,0
Tepper School of Business,tepper.instructure.com,,0
Terra Academy,terraacademy.instructure.com,,0
Tes Institute,tes.instructure.com,,0
Teton Science Schools,tetonscience.instructure.com,,0
Texas A&M University - Texarkana - TAMUT,tamut.instructure.com,,0
Texas Chiropractic College,txchiro.instructure.com,,0
Texas EMS School,axon.instructure.com,,0
Texas Southern University,tsu.instructure.com,,0
Texas Southmost College,texassouthmostcollege.instructure.com,,0
Texas Tech K12,texastechk12.instructure.com,,0
Texas Tech University Health Sciences Center,ttuhsc.instructure.com,,0
Texas Wesleyan University,txwes.instructure.com,,0
Texas Woman's University,twu.instructure.com,,0
Thaddeus Stevens College of Technology,stevenscollege.instructure.com,,0
Thales Academy,thalesacademy.instructure.com,,0
The 7 Hills School,7hills.instructure.com,,0
The Academy of Contemporary Music,acm.instructure.com,,0
The Alexander Dawson School at Rainbow Mountain,adsrm.instructure.com,,0
The American School of Las Palmas [ASLP],aslp.instructure.com,,0
The American University in Cairo,aucegypt.instructure.com,,0
The Armidale School,armidale.instructure.com,,0
The Association of Theological Schools,atscoa.instructure.com,,0
The Australasian College of Phlebology,phlebology.instructure.com,,0
The Australian College of Physical Education,acpe.instructure.com,,0
The Baldwin School,baldwin.instructure.com,,0
The Bay School of San Francisco,bayschoolsf.instructure.com,,0
The Blake School,blake.instructure.com,,0
The Board of Trustees of the Leland Stanford Junior University,spcs.instructure.com,,0
The British School in the Netherlands,bsn.instructure.com,,0
The Brook Hill School,tbhs.instructure.com,,0
The Bryn Mawr School,brynmawr.instructure.com,,0
The Bush School,bush.instructure.com,,0
The Busy School Calgary,thebusyschool-canada.instructure.com,,0
The Chartered Institute of Export & International Trade,internationaltrade.instructure.com,,0
The Chicago Academy For The Arts,myacademy.instructure.com,,0
The Christ School,thechristschool.instructure.com,,0
"The Citadel, The Military College of South Carolina.",citadel.instructure.com,,0
The City and Guilds of London Institute,cityandguilds.instructure.com,,0
The Coding School,qxq.instructure.com,,0
The College of Idaho,cofi.instructure.com,,0
The College of Law,collaw.instructure.com,,0
The College of Legal Practice,collegalpractice.instructure.com,,0
The College of the Florida Keys,cfk.instructure.com,,0
The Dawson Academy,thedawsonacademy.instructure.com,,0
The Downtown School,downtownschool.instructure.com,,0
The Dwight School,dwight.instructure.com,,0
The Dyson Institute of Engineering and Technology,dysoninstitute.instructure.com,,0
The Eagle Academy Foundation,eagleinstitute.instructure.com,,0
The Einstein School,tesp.instructure.com,,0
The Engineering College,engineeringcollege.instructure.com,,0
The Episcopal Collegiate School,episcopalcollegiate.instructure.com,,0
The Evergreen School,evergreenschool.instructure.com,,0
The Far Eastern University Thailand,feuondemand.instructure.com,,0
The Football Business Academy,the-fba.instructure.com,,0
The Forest High School,theforest.instructure.com,,0
The Franklin School of Innovation,fsi.instructure.com,,0
The Freedom Institute,freedom.instructure.com,,0
The Girls' School Of Austin,thegirlsschool.instructure.com,,0
The Graduate School of Management and Education Technology,e-mbatech.instructure.com,,0
The Grayson School,thegraysonschool.instructure.com,,0
The Greene School,thegreeneschool.instructure.com,,0
The Grier School,grier.instructure.com,,0
The Hill School,academy.instructure.com,,0
The Hun School of Princeton,hunschool.instructure.com,,0
The Institute for Advanced Learning and Research,atdm.instructure.com,,0
The Institute for Business and Technology,mec.instructure.com,,0
The Institute of Knowledge,paulajasser.instructure.com,,0
The Institute of Ultrasound Diagnostics,iudmed.instructure.com,,0
The Irish School of Herbal Medicine,corecollege.instructure.com,,0
The Kids Research Institute Australia,telethonkids.instructure.com,,0
The King's Academy CA - TKACA,tkaca.instructure.com,,0
The Kinkaid School,kinkaid.instructure.com,,0
The Lawrenceville School,canvas.lawrenceville.org,,0
The Manchester College,tmc.instructure.com,,0
The Master's Academy,mastersacademy.instructure.com,,0
The Master's Academy International,tmai.instructure.com,,0
The Master's Seminary,tms.instructure.com,,0
The Master's University,masters.instructure.com,,0
The McGillis School,mcgillisschool.instructure.com,,0
The Meadows School,meadows.instructure.com,,0
The Miami Valley School,mvschool.instructure.com,,0
The Modern College of Design,moderncollegeofdesign.instructure.com,,0
The Mount Vernon School - Students/Staffs,canvas.mountvernonschool.org,,0
The New School,newschool.instructure.com,,0
The North Carolina Leadership Academy,thencla.instructure.com,,0
The Northwest School,thenorthwestschool.instructure.com,,0
THE OUT-OF-DOOR ACADEMY,oda.instructure.com,,0
The Project Academy,projectacademy.instructure.com,,0
The Quaker School at Horsham,tqs.instructure.com,,0
The Rivers School,rivers.instructure.com,,0
The Selwyn Institute,selwyninstitute.instructure.com,,0
The South Carolina Preparatory Academy,myscprep.instructure.com,,0
The Southern California High School Cycling League,socalleague.instructure.com,,0
The Taft School,taftschool.instructure.com,,0
The Tax Institute,taxinstitute.instructure.com,,0
The Tax Institute Higher Education,taxinstitutehighereducation.instructure.com,,0
The Tianjin Juilliard School,tianjinjuilliard.instructure.com,,0
The University of Arizona Global Campus,uagc.instructure.com,,0
The University of Melbourne Online - SIT,unimelb-online-sit.instructure.com,,0
The University of Olivet,uo.instructure.com,,0
The University of Perpetual Help System DALTA,perpetualdalta.instructure.com,,0
The University of Southern Mississippi,usm.instructure.com,,0
The University of Tampa,utampa.instructure.com,,0
The University of Texas at Austin High School,uths.instructure.com,,0
The University of Texas at Dallas - Development Instance,utdallasdev.instructure.com,,0
The University of Texas at Dallas - UT Dallas,utdallas.instructure.com,,0
The University of Texas at Tyler,uttyler.instructure.com,,0
The University of Texas-Arlington,uta.instructure.com,,0
The Webb School - Canvas Auth,webbschool.instructure.com,,0
The Whitfield School,whitfieldschool.instructure.com,,0
The Woodstock Academy,wa.instructure.com,,0
The York School,theyorkschool.instructure.com,,0
Theologische Universiteit Utrecht,tuu.instructure.com,,0
Thomas College,thomascollege.instructure.com,,0
Thomas More University,thomasmoreky.instructure.com,,0
Thomas University,thomasu.instructure.com,,0
TIAS School for Business & Society,tias.instructure.com,,0
Tiffin City Schools,tiffincityschools.instructure.com,,0
Timothy Christian Schools,timothy.instructure.com,,0
TJSL - Thomas Jefferson School of Law,tjsl.instructure.com,,0
TLSC Tumbi Umbi Campus,tlsctumbiumbicampus.instructure.com,,0
TMA University,tma.instructure.com,,0
TMO Fashion Business School,tmo.instructure.com,,0
TMSU - Trinity Medical Sciences University,tmsu.instructure.com,,0
TNIS-True North International School - Password,tnis.instructure.com,,0
Tocal College,tocal.instructure.com,,0
Toi Whakaari: NZ Drama School,toiwhakaari.instructure.com,,0
Tooele Technical College.,tooeletech.instructure.com,,0
Toongabbie Christian College,tcc-nsw.instructure.com,,0
Toowoomba Catholic Schools,dotcs.instructure.com,,0
Toronto Forensic Institute,torontoforensicinstitute.instructure.com,,0
Toronto High School,torontohs.instructure.com,,0
Torrens Valley Christian School [TVCS],tvcs.instructure.com,,0
Touro University System,touro.instructure.com,,0
Tred Healthcare College,tredcollege.instructure.com,,0
Trevecca Nazarene University,trevecca.instructure.com,,0
Tri-Rivers Center for Adult Education,aetririvers.instructure.com,,0
Trine University,trine.instructure.com,,0
Trinity Anglican College - Albury,trinityac.instructure.com,,0
Trinity Basin Preparatory,trinitybasin.instructure.com,,0
Trinity Business School,tcd.instructure.com,,0
Trinity College - Gladstone,trinitygladstone.instructure.com,,0
Trinity College Melbourne,trinityunimelb.instructure.com,,0
Trinity Grammar School,tgs.instructure.com,,0
Trinity Grammar School Kew,ruyton-trinity.instructure.com,,0
Trinity Lutheran School - Newport News,trinitynn.instructure.com,,0
Trinity Preparatory School,trinityprep.instructure.com,,0
Trinity Presbyterian School,trinitywildcats.instructure.com,,0
Trinity School,trinityschoolokc.instructure.com,,0
Trinity School of Natural Health,trinityschool.instructure.com,,0
Trinity University of Asia,tua-tlc.instructure.com,,0
Trinity Valley School - Clever Login,tvs.instructure.com,,0
Trio Education,trio.instructure.com,,0
Troup County School System,troup.instructure.com,,0
Troy University,troy.instructure.com,,0
Trusted Neurodiagnostics Academy,trustedacademy.instructure.com,,0
Tulane University,tulane.instructure.com,,0
Tulare County Office Of Education,tcoe.instructure.com,,0
Tullahoma City Schools,tcsedu.instructure.com,,0
Tusculum University,tusculum.instructure.com,,0
Tuskegee University,tuskegee.instructure.com,,0
Tyler Junior College,tjc.instructure.com,,0
U of MN College of Veterinary Medicine,umnadvet.instructure.com,,0
UC Irvine - School of Medicine,ucisom.instructure.com,,0
UCO - Universidad de Cordoba,uco.instructure.com,,0
UCSLP - Universidad Cuahtémoc Plantel San Luis Potosí A.C.,ucslp.instructure.com,,0
UDEM - Universidad de Monterrey,udem.instructure.com,,0
UHR - Universitets- och högskolerådet,uhr.instructure.com,,0
Uintah Basin Technical College,ubtech.instructure.com,,0
UIT Universidad de Innovación y Tecnología,uit-campus.instructure.com,,0
Ulladulla High School Parent Login,ulladulla.instructure.com,,0
Umoja Global Institute,umojaglobalinstitute.instructure.com,,0
UNAB Chile - Universidad Andres Bello,unab-cl.instructure.com,,0
UNC School of Government,sogunc.instructure.com,,0
UNIFESO - Centro Universitário Serra dos Órgãos,unifeso.instructure.com,,0
Unification Theological Seminary,utseminary.instructure.com,,0
Union Catholic High School,unioncatholic.instructure.com,,0
Union College,ucollege.instructure.com,,0
Union Commonwealth University,unioncommonwealth.instructure.com,,0
Union Day School,uniondayschool.instructure.com,,0
Union Township School,uniontownship.instructure.com,,0
Union University,uu.instructure.com,,0
United Christian Academy,ucacademy.instructure.com,,0
United Lutheran Seminary,uls.instructure.com,,0
United Negro College Fund,uncfstemscholars.instructure.com,,0
United States Air Force - Cyber Security University,afcsu.instructure.com,,0
United States Coast Guard Academy,uscga.instructure.com,,0
United States Military Academy - West Point,westpoint.instructure.com,,0
United States Sports Academy,ussa.instructure.com,,0
United Theological Seminary of the Twin Cities,unitedseminary.instructure.com,,0
Unitek College,unitekcollege.instructure.com,,0
Unity Environmental University,unity.instructure.com,,0
Unity Grammar College,unitygrammar.instructure.com,,0
Universidad Americana,americana.instructure.com,,0
Universidad Andina del Cusco,uandina.instructure.com,,0
Universidad Anáhuac,anahuac.instructure.com,,0
Universidad APEC,unapec.instructure.com,,0
Universidad Aurora,auroramx.instructure.com,,0
Universidad Autónoma de Guadalajara - UAG,uag.instructure.com,,0
Universidad Católica Andrés Bello,ucab.instructure.com,,0
Universidad Católica de Colombia,ucatolicaenlinea.instructure.com,,0
Universidad Católica de Córdoba,uccor.instructure.com,,0
Universidad Central de Bayamon,ucbadistancia.instructure.com,,0
Universidad Comunera UCOM,ucom.instructure.com,,0
Universidad Continental,ucontinental.instructure.com,,0
Universidad de Celaya,unicelaya.instructure.com,,0
Universidad de Concepción UdeC,udec.instructure.com,,0
Universidad de las Hespérides,hesperides.instructure.com,,0
Universidad de Palermo,palermo.instructure.com,,0
Universidad de Piura,udep.instructure.com,,0
Universidad de San Martín de Porres,usmp.instructure.com,,0
Universidad del Desarrollo,udd.instructure.com,,0
Universidad del Sagrado Corazón,sagrado.instructure.com,,0
Universidad del Valle,univallecolombia.instructure.com,,0
Universidad del Valle de Guatemala,uvg.instructure.com,,0
Universidad Diego Portales,udp.instructure.com,,0
Universidad EAN,ean.instructure.com,,0
Universidad Finis Terrae,efinis-uft.instructure.com,,0
Universidad Francisco de Vitoria,ufv-es.instructure.com,,0
Universidad Gerardo Barrios,ugb.instructure.com,,0
Universidad Humanitas,humanitasvirtual.instructure.com,,0
Universidad Indoamérica,indoamerica.instructure.com,,0
Universidad Intercontinental,uic.instructure.com,,0
Universidad Internacional de La Rioja,micampus.unir.net,,0
Universidad Internacional del Ecuador,uide.instructure.com,,0
Universidad Internacional Extremadura - UNINDE,uninde.instructure.com,,0
Universidad Internacional SEK - Ecuador,uisek.instructure.com,,0
Universidad ISAE,campusvirtualisaeuniversidad.instructure.com,,0
Universidad Madero,umadonline.instructure.com,,0
Universidad Manuela Beltran,umb.instructure.com,,0
Universidad Mariano Gálvez - miumg,miumg.instructure.com,,0
Universidad Mexiquense - UMEX,umex.instructure.com,,0
Universidad Mundo Imperial,universidadmundoimperial.instructure.com,,0
Universidad Nacional para la Defensa - UNADE,unade.instructure.com,,0
Universidad Norbert Wiener - Carreras,aulavirtualwiener.instructure.com,,0
Universidad Panamericana,upanamericana.instructure.com,,0
Universidad Politécnica del Perú,politecnica.instructure.com,,0
Universidad Privada Antenor Orrego,upao.instructure.com,,0
Universidad Privada Norbert Wiener - WIENER,uwiener.instructure.com,,0
Universidad San Ignacio de Loyola,usil.instructure.com,,0
Universidad Santa Paula,uspsantapaula.instructure.com,,0
Universidad Siglo 21,siglo21.instructure.com,,0
Universidad Tecnica Particular de Loja UTPL,utpl.instructure.com,,0
Universidad Tecnológica Metropolitana Chile - UTEM,utem.instructure.com,,0
UNIVERSIDAD UNIVER DEL VALLE CAMPUS LAGOS DE MORENO,unvlagos.instructure.com,,0
Universidad Vasco de Quiroga,uvaq.instructure.com,,0
Universidad Veritas,veritascr.instructure.com,,0
universidaduim,universidaduim.instructure.com,,0
Universitetet i Innlandet,inn.instructure.com,,0
University Centre in Svalbard,unissvalbard.instructure.com,,0
University Centre Peterborough,ucp.instructure.com,,0
University College Birmingham,ucbirmingham.instructure.com,,0
University Emergency Medical Response,uemr.instructure.com,,0
University of Advancing Technology,uat.instructure.com,,0
University of Alabama at Birmingham,uab.instructure.com,,0
University of Alabama at Huntsville,uah.instructure.com,,0
University of Arizona (College of Public Health),healtharizona.instructure.com,,0
University of Asia and the Pacific,uap.instructure.com,,0
University of Baltimore,ubalt.instructure.com,,0
University of Batangas,ubian.instructure.com,,0
University of Bohol,universityofbohol.instructure.com,,0
University of Bradford,bradford.instructure.com,,0
University of Bridgeport,bridgeport.instructure.com,,0
University of Bridgeport - MSMS,bridgeport-msms.instructure.com,,0
University of California - Irvine,ucirvine.instructure.com,,0
University of California - San Francisco,ucsf.instructure.com,,0
University of California Hastings College of Law,uchastings.instructure.com,,0
University of Cebu,universityofcebu.instructure.com,,0
University of Cebu Senior High School Department,ucshs-lms.instructure.com,,0
University of ChadBro,uofchadbro.instructure.com,,0
University of Cincinnati,uc.instructure.com,,0
University of Cleveland Preparatory School,accelschoolsonlineoh.instructure.com,,0
University of Colorado at Denver,ucdenver.instructure.com,,0
University of Delaware,udel.instructure.com,,0
University of Dubuque,dbq.instructure.com,,0
University of Fairfax,fairfax.instructure.com,,0
University of Florida,ufl.instructure.com,,0
University of Galway,universityofgalway.instructure.com,,0
University of Gibraltar,unigib.instructure.com,,0
University of Hertfordshire - StudyNet,herts.instructure.com,,0
University of Holy Cross,uhcno.instructure.com,,0
University of Houston,uh.instructure.com,,0
University of Houston - Downtown,uhd.instructure.com,,0
University of Houston-Clear Lake,uhcl.instructure.com,,0
University of Iceland,haskoliislands.instructure.com,,0
University of Illinois - CAPE,uiscape.instructure.com,,0
University of Illinois at Springfield,uispringfield.instructure.com,,0
University of Innovation and Technology - Kazakhstan,innotech-kz.instructure.com,,0
University of Iowa,uiowa.instructure.com,,0
University of Jamestown,ujamestown.instructure.com,,0
University of Kentucky,uk.instructure.com,,0
University of Lincoln,lincolnonline.instructure.com,,0
University of Ljubljana Faculty of Economics,felu.instructure.com,,0
University Of London - Global Digital Campus,uolgdc.instructure.com,,0
University Of London - Worldwide,uolww.instructure.com,,0
University of Louisiana Monroe,ulm.instructure.com,,0
University of Management and Technology Ho Chi Minh City,umthcm.instructure.com,,0
University of Mary,umary.instructure.com,,0
University of Maryland,umd.instructure.com,,0
University of Massachusetts Amherst,umamherst.instructure.com,,0
University of Massachusetts Boston,umassboston.instructure.com,,0
University of Massachusetts Chan Medical School - UMass Chan,umassmed.instructure.com,,0
University of Massachussetts - Dartmouth - UMassD,umassd.instructure.com,,0
University of Memphis,memphis.instructure.com,,0
University of Michigan - Engineering,isd-umich.instructure.com,,0
University Of Mississippi Medical Center,umc.instructure.com,,0
University of Mobile,umobile.instructure.com,,0
University of Montana - Missoula,umt.instructure.com,,0
University of Montana Western,umwestern.instructure.com,,0
University of Montevallo,montevallo.instructure.com,,0
University of Mount Saint Vincent,cmsv.instructure.com,,0
University of Nebraska,mynu.instructure.com,,0
University of Nevada - Las Vegas,unlv.instructure.com,,0
University of North Alabama,una.instructure.com,,0
University of North Carolina at Greensboro,uncg.instructure.com,,0
University of North Carolina at Pembroke,uncp.instructure.com,,0
University of North Carolina School of the Arts,uncsa.instructure.com,,0
University of North Carolina Wilmington,uncw.instructure.com,,0
University of North Florida,unf.instructure.com,,0
University of North Texas at Dallas,untdallas.instructure.com,,0
University of North Texas Health Science Center,unthsc.instructure.com,,0
University of Northern Colorado,unco.instructure.com,,0
University of Northwestern - St. Paul,uniofnorthwesternstpaul.instructure.com,,0
University of Northwestern Ohio - UNOH,unoh.instructure.com,,0
University of Pennsylvania Law School,pennlaw.instructure.com,,0
University of Pikeville,upike.instructure.com,,0
University of Pittsburgh - Critical Care Medicine,ccmpitt.instructure.com,,0
University of Portland,portland.instructure.com,,0
University of Redlands,redlands.instructure.com,,0
University of Richmond,universityofrichmond.instructure.com,,0
University of Rio Grande,rio.instructure.com,,0
University of Saint Francis,sffortwayne.instructure.com,,0
University of San Carlos,usc.instructure.com,,0
University of San Diego,sandiego.instructure.com,,0
University of San Francisco,usfca.instructure.com,,0
University of Science and Arts of Oklahoma,usao.instructure.com,,0
University of Silicon Valley,cogswell.instructure.com,,0
University of St. La Salle - USLS,usls.instructure.com,,0
"University of St. Thomas, Minnesota",stthomas.instructure.com,,0
University of Stirling,stirling.instructure.com,,0
University of Sunderland,sunderland.instructure.com,,0
University of Tembs,september.instructure.com,,0
University of Tennessee at Martin,utm.instructure.com,,0
University of Tennessee Southern,utsouthern.instructure.com,,0
"University of Tennessee, Knoxville",utk.instructure.com,,0
University Of Texas at Austin,utexas.instructure.com,,0
University of Texas Health Science Center in San Antonio,uthscsa.instructure.com,,0
University of Texas of the Permian Basin,utpb.instructure.com,,0
"University of The Arts, Sharjah",uasharjah.instructure.com,,0
University of the Commonwealth Caribbean,online-uccglobal.instructure.com,,0
University of the Cordilleras,uc-bcf.instructure.com,,0
University of the East,ue.instructure.com,,0
University of the East Ramon Magsaysay Memorial Medical Center,uerm.instructure.com,,0
University Of The Humanities,humanities.instructure.com,,0
University of the Ozarks,ozarks.instructure.com,,0
University of the Pacific,pacific.instructure.com,,0
University of the Potomac,potomac.instructure.com,,0
University of the Rockies,rockies.instructure.com,,0
University of the Southwest,usw.instructure.com,,0
University of the Sunshine Coast [USC],usc-prod.instructure.com,,0
University of Valley Forge,valleyforge.instructure.com,,0
University of Virginia School of Law,virginialaw.instructure.com,,0
University of Washington Life Center,bcci.instructure.com,,0
University of West Florida,uwf.instructure.com,,0
University of Winchester,winchester.instructure.com,,0
University of Wisconsin - Parkside,uwpks.instructure.com,,0
University of Wisconsin - Stevens Point,uws.instructure.com,,0
University of Wyoming,uwyo.instructure.com,,0
University School of Milwaukee,usmk12.instructure.com,,0
University View Academy,uview.instructure.com,,0
University West,hv.instructure.com,,0
Università Europea di Roma,uer.instructure.com,,0
Università Politecnica Della Marche,univpm.instructure.com,,0
Universität der Künste,udk.instructure.com,,0
Universität für Weiterbildung Krems,uwk.instructure.com,,0
Université Mohammed VI des Sciences de la Santé,um6ss.instructure.com,,0
Unmanned Vehicle University,drone.instructure.com,,0
UO Global Universidad,uoglobal.instructure.com,,0
UPMC Schools of Nursing,upmc.instructure.com,,0
Upper Bucks County Technical School,ubcts.instructure.com,,0
Urban Promise Academy,urbanpromiseacademy.instructure.com,,0
Urban School of San Francisco,urbanschool.instructure.com,,0
URSA - Third Academy,thirdacademy.instructure.com,,0
Ursinus College,ursinus.instructure.com,,0
US Performance Academy,gouspa.instructure.com,,0
USC Marshall School of Business,uscmarshall.instructure.com,,0
USJR - University of San Jose Recoletos,usjr.instructure.com,,0
UST Angelicum College,ustangelicum.instructure.com,,0
Utah Education Network,uen.instructure.com,,0
Utah Military Academy,umavp.instructure.com,,0
Utah Prep Academy,utahprep.instructure.com,,0
Utah Schools for the Deaf and Blind,usdb.instructure.com,,0
Utah Tech University,utahtech.instructure.com,,0
Utah Valley University,uvu.instructure.com,,0
Utah Virtual Academy,utva.instructure.com,,0
UTH - Universidad Tecnologica de Honduras,uthedu.instructure.com,,0
UTH Florida University,uthflorida.instructure.com,,0
UTSA - The University of Texas at San Antonio,utsa.instructure.com,,0
Valencia College,valenciacollege.instructure.com,,0
Valley Christian Schools,vcschools.instructure.com,,0
Valley Forge Military Academy Online High School,vfohs.instructure.com,,0
Valor Preparatory Academy of Arizona,vpaaz.instructure.com,,0
Valparaiso Community Schools,valpok12.instructure.com,,0
Van Andel Institute,vai.instructure.com,,0
Vanderbilt University Medical Center,vumc-camhl.instructure.com,,0
Vanguard Academy,vanguardcharter.instructure.com,,0
Vanguard University of Southern California,vanguard.instructure.com,,0
Vantage Career Center,vantagecc.instructure.com,,0
Vega Secondary Education,vega.instructure.com,,0
Veritas Baptist College,vbc.instructure.com,,0
Vermont Law School,vermontlaw.instructure.com,,0
Vernon College,vernon.instructure.com,,0
Verto Education,vertoeducation.instructure.com,,0
VET Academy,vetacademy.instructure.com,,0
Victor Valley College,vvc.instructure.com,,0
Victoria College,victoriacollege.instructure.com,,0
Victorian School of Commerce,vsche.instructure.com,,0
Victory Christian College,vcc.instructure.com,,0
VID vitenskapelige høgskole,vid.instructure.com,,0
Vigo County School Corporation,vigoschools.instructure.com,,0
Virginia Commonwealth University,virginiacommonwealth.instructure.com,,0
Virginia International University,viu.instructure.com,,0
Virginia State University,vsu.instructure.com,,0
Virginia Union University,vuu.instructure.com,,0
Virtual Preparatory Academies,vpa.instructure.com,,0
Visalia Adult School,vas.instructure.com,,0
Vision Academy,visionacademy.instructure.com,,0
VISTA College,vistacollege.instructure.com,,0
Vista School,vistautah.instructure.com,,0
Vlerick Business School,learning.vlerick.com,,0
Vogue College of Fashion,online.voguecollege.com,,0
Volkswagen Group Australia Academy,vga.instructure.com,,0
Voorhees University,voorhees.instructure.com,,0
VRI - Stout Vocational Rehabilitation Institute,svrirrtc.instructure.com,,0
Wa-Nee Community Schools,wanee.instructure.com,,0
Waad Academy,waadeducation.instructure.com,,0
Wabash City Schools,apaches.instructure.com,,0
Wabash College,wabash.instructure.com,,0
Wadalba Community School,wadalbacommunityschool.instructure.com,,0
Wake Forest School of Medicine,wfusm.instructure.com,,0
Wake Preparatory Academy,wakeprep.instructure.com,,0
Walden University,waldenu.instructure.com,,0
Walford Anglican School for Girls,walford.instructure.com,,0
Walsh University,walsh.instructure.com,,0
Warakirri College,warakirricollege.instructure.com,,0
Wardlaw-Hartridge School,whschool.instructure.com,,0
Warner Pacific University,warnerpacific.instructure.com,,0
Warners Bay High School,warnersbay-h.instructure.com,,0
Warragul Regional College,wrc.instructure.com,,0
Warren County Career Center,wccc.instructure.com,,0
Warsaw Community Schools,warsawcs.instructure.com,,0
Wartburg College,wartburg.instructure.com,,0
Washington and Lee University,wlu.instructure.com,,0
Washington Association of Educational Service Districts,waesd.instructure.com,,0
Washington College,washcoll.instructure.com,,0
Washington Education Association,washingtonea.instructure.com,,0
Washington Leadership Academy,washingtonleadershipacademy.instructure.com,,0
Washington State University,wsu.instructure.com,,0
Washington University in St. Louis,wustl.instructure.com,,0
Watson Caring Science Institute,wcsi.instructure.com,,0
Waukesha County Technical College,wctc.instructure.com,,0
Wayne Preparatory Academy,wpanc.instructure.com,,0
Waynesburg University,waynesburg.instructure.com,,0
Weatherford College,wc.instructure.com,,0
Webb School of Knoxville,knoxwebb.instructure.com,,0
Weber State University,weber.instructure.com,,0
Weill Cornell Medical College,medcornell.instructure.com,,0
Weimar Institute,weimar.instructure.com,,0
Weld Co SD RE-4 Windsor Students and Teachers,weldre4.instructure.com,,0
Weldon City Schools,weldoncity.instructure.com,,0
Wenatchee Valley College,wvc.instructure.com,,0
Wentworth Institute of Higher Education,win-au.instructure.com,,0
Wesleyan College,wesleyancollege.instructure.com,,0
West Australian Institute of Further Studies,waifs.instructure.com,,0
West Coast Baptist College,wcbc.instructure.com,,0
West Des Moines Community Schools,wdmcs.instructure.com,,0
West Herts College,whcgroup.instructure.com,,0
West Island College,wic.instructure.com,,0
West Liberty University,westliberty.instructure.com,,0
West Michigan Aviation Academy,wmaa.instructure.com,,0
West Suffolk College University Studies,wscus.instructure.com,,0
West Texas A&M University,wtamu.instructure.com,,0
West Valley Mission College,wvm.instructure.com,,0
West Virginia Department of Education,wvde.instructure.com,,0
West Virginia Junior College,wvjc.instructure.com,,0
Westall Secondary College - Westall Institute of Teaching,westall.instructure.com,,0
Western Atlantic University School of Medicine,wausm.instructure.com,,0
Western Carolina University,westerncarolina.instructure.com,,0
Western Colorado University,western.instructure.com,,0
Western International School,wis.instructure.com,,0
Western Nevada College,wnc.instructure.com,,0
Western New Mexico University,wnmu.instructure.com,,0
Western Oklahoma State College,wosc.instructure.com,,0
Western Oregon University,wou.instructure.com,,0
Western Reserve Academy,wra.instructure.com,,0
Western Sydney University RTO,wsucollege.instructure.com,,0
Western Technical College,westerntech.instructure.com,,0
Western Theological Seminary,westernsem.instructure.com,,0
Western University of Health Sciences,westernu.instructure.com,,0
Western Washington University,wwu.instructure.com,,0
Westfield Business School,wbs.instructure.com,,0
Westfield Washington Schools,wws.instructure.com,,0
Westlake Christian School,westlake.instructure.com,,0
Westlake Prep,westlakeprep.instructure.com,,0
Westmead International School,westmead-is.instructure.com,,0
Westminster Christian Academy,wcastl.instructure.com,,0
Westminster College,westminster.instructure.com,,0
Westminster Theological Seminary,wts.instructure.com,,0
Westmont College,westmont.instructure.com,,0
Westside Community Schools,westside66.instructure.com,,0
Westtown School,westtown.instructure.com,,0
WEY Education,weyeducation-uat.instructure.com,,0
WHA - Wisdom House Academy,wisdomhouseacademy.instructure.com,,0
Wheaton College,wheaton.instructure.com,,0
WheatonX - Wheaton College,wheatonx.instructure.com,,0
Wheeling University,wheeling.instructure.com,,0
White Pine Institute,whitepineinstitute.instructure.com,,0
Whitman College,whitman.instructure.com,,0
Whitworth University,whitworth.instructure.com,,0
Wichita Technical Institute,wti.instructure.com,,0
Widener University,widener.instructure.com,,0
Wilberforce University,wilberforce.instructure.com,,0
Wilbraham & Monson Academy,wma.instructure.com,,0
Wiley College,wileyc.instructure.com,,0
Willamette University,willamette.instructure.com,,0
Willard Schools,willardschools.instructure.com,,0
William Carey University,wmcarey.instructure.com,,0
William James College CE,williamjames.instructure.com,,0
William Peace University,peace.instructure.com,,0
Williamsburg Charter High School,wchs.instructure.com,,0
Williamsfield Schools,billtown.instructure.com,,0
Williamson College of the Trades,williamson.instructure.com,,0
Willows Prep,willowsprep.instructure.com,,0
Wilmington University,wilmu.instructure.com,,0
Wilson College,wilson.instructure.com,,0
Wilson Hill Academy,wha.instructure.com,,0
Windermere Preparatory School,windermereprep.instructure.com,,0
Windward School,windward.instructure.com,,0
Wine & Spirit Education Trust,wset.instructure.com,,0
Wingate University,wingate.instructure.com,,0
Winston Salem State University,wssu.instructure.com,,0
Winter Sports School,wintersportsschool.instructure.com,,0
Wisconsin Lutheran College,wlc.instructure.com,,0
Wisconsin Rapids Public School,wrps.instructure.com,,0
WISH Charter,wishcharter.instructure.com,,0
WIT Academy,witacademy.instructure.com,,0
"WLC University, WLCuniversity",wlcacademy.instructure.com,,0
Wonderful Prep Academy,wcpa.instructure.com,,0
Woodberry Forest School,woodberry.instructure.com,,0
Woodland Joint Unified,wjusd.instructure.com,,0
Woodley Leadership Academy,accelschoolsonlinemi1.instructure.com,,0
Word of Life Bible Institute,wordoflife.instructure.com,,0
World Mission University,wmu.instructure.com,,0
Worsham College of Mortuary Science,worsham.instructure.com,,0
Worthgate School,worthgateschool.instructure.com,,0
Worthington Christian School,worthingtonchristian.instructure.com,,0
Wright Career College,wright.instructure.com,,0
WVSOM - West VA School of Osteopathic Medicine,wvsom.instructure.com,,0
Wyoming City Schools,wyomingcityschools.instructure.com,,0
Wyoming Department of Education,wde.instructure.com,,0
Wyong Christian Community School,wyong.instructure.com,,0
Xavier College,xaviercollege.instructure.com,,0
Xavier College Preparatory,xcp.instructure.com,,0
Xavier High School,xavier.instructure.com,,0
Xavier University - Ateneo de Cagayan,xavierateneo.instructure.com,,0
Xenophon College London,xcl.instructure.com,,0
Xinglin Institute,xinglin.instructure.com,,0
Yarra Valley Grammar,yvg.instructure.com,,0
Yellowhead Christian School,ycschool.instructure.com,,0
Yeshiva University,yu.instructure.com,,0
Yeshivat Frisch,frisch.instructure.com,,0
York College Pennsylvania,ycp.instructure.com,,0
York County School Division,ycsd.instructure.com,,0
York Prep School,yorkprep.instructure.com,,0
Yorktown Community Schools - Clever,yorktown.instructure.com,,0
Your School Online California,yourschoolonlineca.instructure.com,,0
YSC Academy,yscacademy.instructure.com,,0
Zigurat Global Institute of Technology,canvas.e-zigurat.com,,0
Zion-Benton Township High School D126,zbths.instructure.com,,0
